model,chem,descriptor,r2_value,RMSEP,Q2F3
knn,239,Druglike,[-0.5073534252849214],[0.8832323213888867],[-0.8699913514258599]
