model,chem,descriptor,r2_value,RMSEP,Q2F3
rf,239,CDKmolprop,[0.7361344478480285],[0.9020456478759281],[-0.2688016386655223]
