model,chem,descriptor,r2_value,RMSEP,Q2F3
rf,239,CATS,[0.8558031152144258],[0.6805006405812],[0.3701586162958538]
