model,chem,descriptor,r2_value,RMSEP,Q2F3
rf,239,CATS,[0.8546591038754225],[0.6882128511069753],[0.35320265816940943]
