model,chem,descriptor,r2_value,RMSEP,Q2F3
rf,239,CATS,[0.8477100589987059],[0.677047032914322],[0.3635833158937588]
