model,chem,descriptor,r2_value,RMSEP,Q2F3
rf,4005,Druglike,[0.5027027798327546],[0.7907209119740425],[0.045445062774171374]
