model,chem,descriptor,r2_value,RMSEP,Q2F3
rf,4005,CDKmolprop,[0.830062333145526],[0.7196820319522115],[0.32502406740148193]
