model,chem,descriptor,r2_value,RMSEP,Q2F3
rf,4005,Druglike,[0.4971667703320949],[0.790029336191478],[0.04204777857155306]
