model,chem,descriptor,r2_value,RMSEP,Q2F3
rf,4005,CATS,[0.8909470989692589],[0.6018247279686012],[0.5661231379911532]
