model,chem,descriptor,r2_value,RMSEP,Q2F3
rf,4005,WHIM,[0.8329528716326839],[0.7702398385979853],[0.128738648962907]
