model,chem,descriptor,r2_value,RMSEP,Q2F3
svr,4005,CATS,[0.4166880942777602],[0.6416505469339958],[0.34617648387753797]
