model,chem,descriptor,r2_value,RMSEP,Q2F3
svr,239,CATS,[-0.5242176078744905],[0.8766706555052314],[-1.2579121294581599]
