model,chem,descriptor,r2_value,RMSEP,Q2F3
svr,4005,WHIM,[-0.655456164667797],[0.8345085347213544],[-0.882471103334296]
