model,chem,descriptor,r2_value,RMSEP,Q2F3
<<<<<<< HEAD
knn,224,CDKmolprop,[0.18062460777175138],[0.9036345111363915],[-0.14260197495688987]
=======
knn,224,CDKmolprop,[-1.7628190502930954],[1.10382623288735],[-2.4428524124403856]
>>>>>>> 7b7f284e87ce8343eb0b99287e96acc6ea0a01e5
