model,chem,descriptor,r2_value,RMSEP,Q2F3
knn,239,CATS,[0.5118267067681814],[0.9985676028853749],[-0.451775444324531]
