model,chem,descriptor,r2_value,rmsep,q2
knn,224,CATS,[0.05591543744528271],[1.1242871398407626],[-0.9139789513197616]
