model,chem,descriptor,r2_value,RMSEP,Q2F3
knn,4005,MorganFP,[0.7402088679672816],[0.7096555719586911],[0.43986056899231574]
