model,chem,descriptor,r2_value,RMSEP,Q2F3
knn,224,WHIM,[-5.469631511866206],[1.1189466338105991],[-6.2016842334288595]
