model,chem,descriptor,r2_value,RMSEP,Q2F3
knn,224,constitutional,[-2.605501690954349],[1.0928143614022066],[-3.2543234417964158]
