model,chem,descriptor,r2_value,RMSEP,Q2F3
knn,224,constitutional,[0.2897021733555839],[0.9039896668959946],[-0.06300531602904913]
