model,chem,descriptor,r2_value,RMSEP,Q2F3
knn,224,CDKmolprop,[0.18062460777175138],[0.9036345111363915],[-0.14260197495688987]
