model,chem,descriptor,r2_value,rmsep,q2
knn,224,constitutional,[-0.0142588632649443],[1.1653226846251483],[-1.0562460106597702]
