model,chem,descriptor,r2_value,RMSEP,Q2F3
knn,4005,CATS,[0.6937102898531672],[0.7566168381499382],[0.3387458477752383]
