mean_squared_error_score,variance_score,max_error_score,r2_value,rmsep
0.7129132246617372,0.355804698327461,4.417631074016446,0.35248705754710574,0.1332799006103082
