model,chem,descriptor,r2_value,RMSEP,Q2F3
<<<<<<< HEAD
knn,239,CDKmolprop,[0.022002943044404755],[0.875637138955673],[-0.4937529685647488]
=======
knn,239,CDKmolprop,[-0.7899204536177344],[0.9325379632277507],[-1.3335204527593376]
>>>>>>> 7b7f284e87ce8343eb0b99287e96acc6ea0a01e5
