model,chem,descriptor,r2_value,RMSEP,Q2F3
<<<<<<< HEAD
knn,4005,constitutional,[-0.017117122926205708],[0.8905694744126652],[-0.44654670854726985]
=======
knn,4005,constitutional,[-3.822396028397981],[1.0448009158312581],[-4.576296558082081]
>>>>>>> 7b7f284e87ce8343eb0b99287e96acc6ea0a01e5
