model,chem,descriptor,r2_value,RMSEP,Q2F3
knn,239,WHIM,[-4.6329406908429895],[1.0607956203692575],[-6.322859544495248]
