model,chem,descriptor,r2_value,rmsep,q2
knn,239,MorganFP,[-0.0807698695061787],[1.0844196823153711],[-1.0930943126755106]
