model,chem,descriptor,r2_value,RMSEP,Q2F3
knn,239,CDKmolprop,[-0.7899204536177344],[0.9325379632277507],[-1.3335204527593376]
