model,chem,descriptor,r2_value,rmsep,q2
knn,4005,CATS,[0.07942828914174549],[1.0778764000835943],[-0.8640633904474555]
