model,chem,descriptor,r2_value,RMSEP,Q2F3
<<<<<<< HEAD
knn,239,WHIM,[-4.6329406908429895],[1.0607956203692575],[-6.322859544495248]
=======
knn,239,WHIM,[-5.750580681627471],[1.0493227360308566],[-7.334274473276132]
>>>>>>> 7b7f284e87ce8343eb0b99287e96acc6ea0a01e5
