model,chem,descriptor,r2_value,RMSEP,Q2F3
knn,4005,Druglike,[-1.5401811848243367],[1.0203217722149027],[-2.314637023958321]
