model,chem,descriptor,r2_value,RMSEP,Q2F3
knn,224,CDKmolprop,[-1.7628190502930954],[1.10382623288735],[-2.4428524124403856]
