model,chem,descriptor,r2_value,RMSEP,Q2F3
knn,224,Druglike,[-2.8820956792027776],[1.0808216983089793],[-3.2560813156112705]
