model,chem,descriptor,r2_value,rmsep,q2
knn,4005,constitutional,[0.009988276771353277],[1.1177902559284167],[-1.0046723005031302]
