model,chem,descriptor,r2_value,RMSEP,Q2F3
<<<<<<< HEAD
knn,4005,Druglike,[-1.3324255089248767],[1.009056252931735],[-1.9874359971616626]
=======
knn,4005,Druglike,[-1.5401811848243367],[1.0203217722149027],[-2.314637023958321]
>>>>>>> 7b7f284e87ce8343eb0b99287e96acc6ea0a01e5
