model,chem,descriptor,r2_value,RMSEP,Q2F3
knn,4005,MorganFP,[-1.5234513769306618e+30],[1.1234579074434248],[-1.5999749277010317e+30]
