model,chem,descriptor,r2_value,RMSEP,Q2F3
knn,4005,CATS,[0.8244384223750016],[0.7783326923556986],[0.40383166570923656]
