model,chem,descriptor,r2_value,RMSEP,Q2F3
<<<<<<< HEAD
knn,4005,CATS,[0.8244384223750016],[0.7783326923556986],[0.40383166570923656]
=======
knn,4005,CATS,[0.6937102898531672],[0.7566168381499382],[0.3387458477752383]
>>>>>>> 7b7f284e87ce8343eb0b99287e96acc6ea0a01e5
