model,chem,descriptor,r2_value,RMSEP,Q2F3
knn,239,constitutional,[0.06620906331105014],[0.9645021730498878],[-0.7140111837925291]
