model,chem,descriptor,r2_value,RMSEP,Q2F3
knn,4005,constitutional,[-3.822396028397981],[1.0448009158312581],[-4.576296558082081]
