model,chem,descriptor,r2_value,RMSEP,Q2F3
<<<<<<< HEAD
knn,224,CATS,[0.38548434458722325],[0.8824496253468493],[0.06305124805339268]
=======
knn,224,CATS,[0.5569242415904707],[0.8239185030342911],[0.24072430975825043]
>>>>>>> 7b7f284e87ce8343eb0b99287e96acc6ea0a01e5
