model,chem,descriptor,r2_value,RMSEP,Q2F3
knn,4005,WHIM,[-3.3641978136734094],[1.0672219488100905],[-4.224232978246056]
