model,chem,descriptor,r2_value,rmsep,q2
knn,4005,WHIM,[0.08495942783798227],[1.0746333794112228],[-0.8528634013216441]
