model,chem,descriptor,r2_value,RMSEP,Q2F3
<<<<<<< HEAD
knn,224,constitutional,[0.2897021733555839],[0.9039896668959946],[-0.06300531602904913]
=======
knn,224,constitutional,[-2.605501690954349],[1.0928143614022066],[-3.2543234417964158]
>>>>>>> 7b7f284e87ce8343eb0b99287e96acc6ea0a01e5
