model,chem,descriptor,r2_value,RMSEP,Q2F3
knn,224,WHIM,[-5.832994845567481],[1.1178941146078243],[-6.5787768111243]
