model,chem,descriptor,r2_value,RMSEP,Q2F3
knn,239,constitutional,[-0.8054159562129741],[0.9087803084286591],[-1.1496219580891291]
