model,chem,descriptor,r2_value,rmsep,q2
knn,4005,MorganFP,[-0.009925529886411377],[1.128976302848903],[-1.0449957185675198]
