model,chem,descriptor,r2_value,RMSEP,Q2F3
knn,239,MorganFP,[-1.3876999681001777e+30],[1.1192404894568522],[-1.5879849856276635e+30]
