model,chem,descriptor,r2_value,rmsep,q2
knn,239,Druglike,[-0.05548407652742471],[1.071659010940638],[-1.0441240823160145]
