model,chem,descriptor,r2_value,RMSEP,Q2F3
<<<<<<< HEAD
knn,239,Druglike,[-0.5785716481347347],[1.001170900558651],[-1.4747054118543819]
=======
knn,239,Druglike,[-0.23146977706920846],[0.9553637665511563],[-1.0238157391952405]
>>>>>>> 7b7f284e87ce8343eb0b99287e96acc6ea0a01e5
