model,chem,descriptor,r2_value,RMSEP,Q2F3
knn,224,CATS,[0.38548434458722325],[0.8824496253468493],[0.06305124805339268]
