model,chem,descriptor,r2_value,RMSEP,Q2F3
knn,4005,Druglike,[-1.3324255089248767],[1.009056252931735],[-1.9874359971616626]
