model,chem,descriptor,r2_value,RMSEP,Q2F3
knn,224,MorganFP,[0.7410393607955932],[0.7406929555948479],[0.4774254863712294]
