model,chem,descriptor,r2_value,RMSEP,Q2F3
<<<<<<< HEAD
knn,224,Druglike,[-2.8820956792027776],[1.0808216983089793],[-3.2560813156112705]
=======
knn,224,Druglike,[-3.3994204383065485],[1.0747391011958078],[-3.67084517408228]
>>>>>>> 7b7f284e87ce8343eb0b99287e96acc6ea0a01e5
