model,chem,descriptor,r2_value,RMSEP,Q2F3
<<<<<<< HEAD
knn,239,constitutional,[0.06620906331105014],[0.9645021730498878],[-0.7140111837925291]
=======
knn,239,constitutional,[-0.8054159562129741],[0.9087803084286591],[-1.1496219580891291]
>>>>>>> 7b7f284e87ce8343eb0b99287e96acc6ea0a01e5
