model,chem,descriptor,r2_value,RMSEP,Q2F3
knn,4005,WHIM,[-3.3818151101970955],[1.104039643743449],[-4.740910005565336]
