model,chem,descriptor,r2_value,RMSEP,Q2F3
knn,239,Druglike,[-0.23146977706920846],[0.9553637665511563],[-1.0238157391952405]
