model,chem,descriptor,r2_value,RMSEP,Q2F3
knn,239,MorganFP,[0.14991542541950298],[0.8929868580911169],[-0.4460396514810814]
