model,chem,descriptor,r2_value,RMSEP,Q2F3
knn,4005,constitutional,[-0.017117122926205708],[0.8905694744126652],[-0.44654670854726985]
