model,chem,descriptor,r2_value,rmsep,q2
knn,4005,CDKmolprop,[0.01737777765575088],[1.1136108190643024],[-0.9897093183586505]
