model,chem,descriptor,r2_value,rmsep,q2
knn,239,CDKmolprop,[-0.10901632915140458],[1.0984992064779462],[-1.1477983766069513]
