model,chem,descriptor,r2_value,RMSEP,Q2F3
<<<<<<< HEAD
knn,224,WHIM,[-5.832994845567481],[1.1178941146078243],[-6.5787768111243]
=======
knn,224,WHIM,[-5.469631511866206],[1.1189466338105991],[-6.2016842334288595]
>>>>>>> 7b7f284e87ce8343eb0b99287e96acc6ea0a01e5
