model,chem,descriptor,r2_value,RMSEP,Q2F3
knn,224,Druglike,[-3.3994204383065485],[1.0747391011958078],[-3.67084517408228]
