model,chem,descriptor,r2_value,RMSEP,Q2F3
knn,4005,CDKmolprop,[-1.9782586230528754],[1.0207302743688391],[-2.629509752187285]
