model,chem,descriptor,r2_value,RMSEP,Q2F3
<<<<<<< HEAD
knn,4005,CDKmolprop,[-0.1649212134192939],[0.8493528686350592],[-0.4681334261962926]
=======
knn,4005,CDKmolprop,[-1.9782586230528754],[1.0207302743688391],[-2.629509752187285]
>>>>>>> 7b7f284e87ce8343eb0b99287e96acc6ea0a01e5
