model,chem,descriptor,r2_value,RMSEP,Q2F3
knn,4005,CDKmolprop,[-0.1649212134192939],[0.8493528686350592],[-0.4681334261962926]
