model,chem,descriptor,r2_value,RMSEP,Q2F3
knn,239,CDKmolprop,[0.022002943044404755],[0.875637138955673],[-0.4937529685647488]
