model,chem,descriptor,r2_value,RMSEP,Q2F3
<<<<<<< HEAD
knn,239,MorganFP,[-1.3876999681001777e+30],[1.1192404894568522],[-1.5879849856276635e+30]
=======
knn,239,MorganFP,[0.14991542541950298],[0.8929868580911169],[-0.4460396514810814]
>>>>>>> 7b7f284e87ce8343eb0b99287e96acc6ea0a01e5
