model,chem,descriptor,r2_value,RMSEP,Q2F3
<<<<<<< HEAD
knn,4005,WHIM,[-3.3818151101970955],[1.104039643743449],[-4.740910005565336]
=======
knn,4005,WHIM,[-3.3641978136734094],[1.0672219488100905],[-4.224232978246056]
>>>>>>> 7b7f284e87ce8343eb0b99287e96acc6ea0a01e5
