model,chem,descriptor,r2_value,RMSEP,Q2F3
knn,239,Druglike,[-0.5785716481347347],[1.001170900558651],[-1.4747054118543819]
