model,chem,descriptor,r2_value,RMSEP,Q2F3
knn,239,WHIM,[-5.750580681627471],[1.0493227360308566],[-7.334274473276132]
