model,chem,descriptor,r2_value,RMSEP,Q2F3
<<<<<<< HEAD
knn,4005,MorganFP,[-1.5234513769306618e+30],[1.1234579074434248],[-1.5999749277010317e+30]
=======
knn,4005,MorganFP,[0.7402088679672816],[0.7096555719586911],[0.43986056899231574]
>>>>>>> 7b7f284e87ce8343eb0b99287e96acc6ea0a01e5
