model,chem,descriptor,r2_value,RMSEP,Q2F3
rf,239,constitutional,[0.6978135299326543],[0.8461931432009477],[-0.19639531158822443]
