model,chem,descriptor,r2_value,RMSEP,Q2F3
rf,239,CDKmolprop,[0.7360553702609],[0.8847923417987072],[-0.22221720094260133]
