model,chem,descriptor,r2_value,rmsep,q2
rf,224,CATS,[0.09242549469529049],[1.1023333295748432],[-0.8399607077644402]
