model,chem,descriptor,r2_value,RMSEP,Q2F3
<<<<<<< HEAD
rf,224,CATS,[0.8965541673766535],[0.758111594958705],[0.40144509423249186]
=======
rf,224,CATS,[0.8952957885754773],[0.7583186963238886],[0.39967788083422573]
>>>>>>> 7b7f284e87ce8343eb0b99287e96acc6ea0a01e5
