model,chem,descriptor,r2_value,rmsep,q2
rf,224,CDKmolprop,[0.16504270556481448],[1.0573138629891792],[-0.6927410426830487]
