model,chem,descriptor,r2_value,RMSEP,Q2F3
rf,224,CATS,[0.8952957885754773],[0.7583186963238886],[0.39967788083422573]
