model,chem,descriptor,r2_value,RMSEP,Q2F3
rf,224,CDKmolprop,[0.858554065411186],[0.8605376307974484],[0.17040671324197632]
