model,chem,descriptor,r2_value,RMSEP,Q2F3
rf,224,CDKmolprop,[0.8581561698898105],[0.8593933516944031],[0.17293547112131913]
