model,chem,descriptor,r2_value,RMSEP,Q2F3
rf,239,WHIM,[0.781768500526278],[1.0209742688606667],[-0.9186380352550083]
