model,chem,descriptor,r2_value,RMSEP,Q2F3
rf,224,CDKmolprop,[0.858254777955405],[0.8571939930391251],[0.17803300718553072]
