model,chem,descriptor,r2_value,RMSEP,Q2F3
rf,224,constitutional,[0.8583339742052585],[0.8450681961506162],[0.22123063569128232]
