model,chem,descriptor,r2_value,RMSEP,Q2F3
rf,239,constitutional,[0.6748405468977776],[0.8728059246281014],[-0.2762482917072513]
