model,chem,descriptor,r2_value,RMSEP,Q2F3
rf,239,WHIM,[0.7783295017313685],[1.016321306892556],[-0.8978009510338094]
