model,chem,descriptor,r2_value,RMSEP,Q2F3
rf,224,constitutional,[0.8586686197097387],[0.8482232128288812],[0.21548293359966753]
