model,chem,descriptor,r2_value,RMSEP,Q2F3
rf,239,Druglike,[0.5660261452557465],[1.0522706371601955],[-0.8793147660287348]
