model,chem,descriptor,r2_value,RMSEP,Q2F3
rf,239,MorganFP,[0.8370357314354214],[0.9319940055594882],[-0.13019729990969853]
