model,chem,descriptor,r2_value,RMSEP,Q2F3
rf,224,WHIM,[0.7723645323022059],[1.0292886836829607],[-0.5581939495855481]
