model,chem,descriptor,r2_value,RMSEP,Q2F3
rf,239,MorganFP,[0.8498261901192179],[0.9126204573141881],[-0.09079276909816425]
