model,chem,descriptor,r2_value,RMSEP,Q2F3
rf,239,CATS,[0.8499245678348857],[1.0013439089196665],[-0.36200623689805433]
