model,chem,descriptor,r2_value,RMSEP,Q2F3
rf,239,MorganFP,[0.8427733117619876],[0.9224679902280644],[-0.10628722035087868]
