model,chem,descriptor,r2_value,RMSEP,Q2F3
rf,224,Druglike,[0.05593655443718115],[1.107998015273769],[-0.9680157207976205]
