model,chem,descriptor,r2_value,RMSEP,Q2F3
rf,224,WHIM,[0.7722558678568925],[1.030436755265282],[-0.5603223672903226]
