model,chem,descriptor,r2_value,RMSEP,Q2F3
rf,239,constitutional,[0.6914780236108781],[0.8507706330014547],[-0.22103163975755225]
