model,chem,descriptor,r2_value,RMSEP,Q2F3
rf,224,Druglike,[0.06279498116672766],[1.1071968762194546],[-0.9514878472851085]
