model,chem,descriptor,r2_value,RMSEP,Q2F3
<<<<<<< HEAD
rf,239,CATS,[0.8421196248307684],[1.0149683873275082],[-0.35547307968226116]
=======
rf,239,CATS,[0.864933414055159],[0.9983538063768291],[-0.3055138339482619]
>>>>>>> 7b7f284e87ce8343eb0b99287e96acc6ea0a01e5
