model,chem,descriptor,r2_value,RMSEP,Q2F3
rf,239,Druglike,[0.5796026898701483],[1.032835297731179],[-0.7813971047444146]
