model,chem,descriptor,r2_value,RMSEP,Q2F3
<<<<<<< HEAD
rf,239,MorganFP,[0.8456516845277611],[0.9169876411716587],[-0.11414754713393105]
=======
rf,239,MorganFP,[0.8370357314354214],[0.9319940055594882],[-0.13019729990969853]
>>>>>>> 7b7f284e87ce8343eb0b99287e96acc6ea0a01e5
