model,chem,descriptor,r2_value,rmsep,q2
rf,239,constitutional,[0.05040432476970924],[1.0164830501555926],[-0.8390532186782245]
