model,chem,descriptor,r2_value,RMSEP,Q2F3
rf,224,Druglike,[0.058827766456977626],[1.1042934176044674],[-0.9599943507130659]
