model,chem,descriptor,r2_value,RMSEP,Q2F3
rf,224,MorganFP,[0.9258248659122332],[0.6704185806623468],[0.5697320593984154]
