model,chem,descriptor,r2_value,RMSEP,Q2F3
<<<<<<< HEAD
rf,224,WHIM,[0.7742782599211272],[1.030829122027336],[-0.55563936687719]
=======
rf,224,WHIM,[0.7723562754576025],[1.0299752157816382],[-0.5607775412382838]
>>>>>>> 7b7f284e87ce8343eb0b99287e96acc6ea0a01e5
