model,chem,descriptor,r2_value,rmsep,q2
rf,239,CDKmolprop,[0.005546247145498229],[1.0402149056945031],[-0.9259285006433791]
