model,chem,descriptor,r2_value,rmsep,q2
rf,224,WHIM,[-0.07341026364024872],[1.200113391444423],[-1.179372820040982]
