model,chem,descriptor,r2_value,RMSEP,Q2F3
rf,239,CATS,[0.8527570066727043],[0.998667262334623],[-0.3662603117559393]
