model,chem,descriptor,r2_value,RMSEP,Q2F3
<<<<<<< HEAD
rf,239,Druglike,[0.5604733187386302],[1.0301114245553358],[-0.8137891087874498]
=======
rf,239,Druglike,[0.5660261452557465],[1.0522706371601955],[-0.8793147660287348]
>>>>>>> 7b7f284e87ce8343eb0b99287e96acc6ea0a01e5
