model,chem,descriptor,r2_value,RMSEP,Q2F3
rf,224,CATS,[0.8951721446069538],[0.7582666704671427],[0.4012825417603414]
