model,chem,descriptor,r2_value,RMSEP,Q2F3
rf,239,MorganFP,[0.8494550602486514],[0.9203393734156928],[-0.1169418247280094]
