model,chem,descriptor,r2_value,RMSEP,Q2F3
rf,239,constitutional,[0.6945777523160486],[0.8560266076982732],[-0.23285545861622192]
