model,chem,descriptor,r2_value,RMSEP,Q2F3
rf,224,MorganFP,[0.9243199091022414],[0.6694415268550954],[0.5702505406946099]
