model,chem,descriptor,r2_value,RMSEP,Q2F3
rf,239,WHIM,[0.7735283077206163],[1.0229305317682094],[-0.9597879367551616]
