model,chem,descriptor,r2_value,RMSEP,Q2F3
rf,239,WHIM,[0.7595512602360948],[1.029851797276597],[-1.0334712381215705]
