model,chem,descriptor,r2_value,RMSEP,Q2F3
rf,224,MorganFP,[0.9258129525480411],[0.6705715499852052],[0.5697925111992006]
