model,chem,descriptor,r2_value,RMSEP,Q2F3
rf,239,CATS,[0.8335819469854031],[1.012534393138427],[-0.3684297206120779]
