model,chem,descriptor,r2_value,RMSEP,Q2F3
rf,239,MorganFP,[0.8456516845277611],[0.9169876411716587],[-0.11414754713393105]
