model,chem,descriptor,r2_value,rmsep,q2
rf,239,Druglike,[-0.03355877493389281],[1.0604699494339827],[-1.0016620139664538]
