model,chem,descriptor,r2_value,RMSEP,Q2F3
rf,224,constitutional,[0.8579148657829917],[0.84857519148664],[0.21432850581287322]
