model,chem,descriptor,r2_value,RMSEP,Q2F3
rf,224,CATS,[0.8958017297522072],[0.7572391940230906],[0.40157040744205363]
