model,chem,descriptor,r2_value,RMSEP,Q2F3
rf,239,CATS,[0.8421196248307684],[1.0149683873275082],[-0.35547307968226116]
