model,chem,descriptor,r2_value,rmsep,q2
rf,224,constitutional,[-0.10410901275943751],[1.2158437661253487],[-1.2384026751433361]
