model,chem,descriptor,r2_value,RMSEP,Q2F3
rf,239,CDKmolprop,[0.7387632046763577],[0.8868934761365002],[-0.22949580532562064]
