model,chem,descriptor,r2_value,rmsep,q2
rf,239,CATS,[0.05966619103289783],[1.0115137779322088],[-0.821116042460406]
