model,chem,descriptor,r2_value,RMSEP,Q2F3
<<<<<<< HEAD
rf,224,constitutional,[0.8585747728750842],[0.8510502783717386],[0.21141329598728376]
=======
rf,224,constitutional,[0.8590976246350874],[0.8458515412698188],[0.21931208946862868]
>>>>>>> 7b7f284e87ce8343eb0b99287e96acc6ea0a01e5
