model,chem,descriptor,r2_value,RMSEP,Q2F3
<<<<<<< HEAD
rf,224,Druglike,[0.058665543463393144],[1.106658273493362],[-0.9679633286273688]
=======
rf,224,Druglike,[0.058827766456977626],[1.1042934176044674],[-0.9599943507130659]
>>>>>>> 7b7f284e87ce8343eb0b99287e96acc6ea0a01e5
