model,chem,descriptor,r2_value,RMSEP,Q2F3
rf,239,WHIM,[0.7541945713999462],[1.0134114021880698],[-0.9706143144437263]
