model,chem,descriptor,r2_value,RMSEP,Q2F3
rf,224,WHIM,[0.7736719148512752],[1.0283676775416828],[-0.5509515318254996]
