model,chem,descriptor,r2_value,RMSEP,Q2F3
rf,224,WHIM,[0.7732085895876211],[1.029462518354586],[-0.554965648328557]
