model,chem,descriptor,r2_value,rmsep,q2
rf,239,WHIM,[-0.3199293192651267],[1.1984119062031147],[-1.5206046532077426]
