model,chem,descriptor,r2_value,RMSEP,Q2F3
rf,239,Druglike,[0.5703470516859112],[1.0377041413238421],[-0.8274260543274439]
