model,chem,descriptor,r2_value,rmsep,q2
rf,224,Druglike,[0.023389586144496155],[1.1434902617401586],[-0.9799198608872282]
