model,chem,descriptor,r2_value,RMSEP,Q2F3
rf,239,Druglike,[0.5604733187386302],[1.0301114245553358],[-0.8137891087874498]
