model,chem,descriptor,r2_value,rmsep,q2
rf,224,MorganFP,[0.0060061153214731045],[1.1536223228785223],[-1.0151620400052872]
