model,chem,descriptor,r2_value,RMSEP,Q2F3
rf,224,Druglike,[0.05544713005451518],[1.1052597134512803],[-0.967429062611588]
