model,chem,descriptor,r2_value,RMSEP,Q2F3
rf,224,CDKmolprop,[0.8572620065032412],[0.8605181457343937],[0.1676115268926911]
