model,chem,descriptor,r2_value,RMSEP,Q2F3
rf,239,CDKmolprop,[0.7294623007557348],[0.9209638187892469],[-0.3396491640749135]
