model,chem,descriptor,r2_value,RMSEP,Q2F3
<<<<<<< HEAD
rf,239,WHIM,[0.7750791016493082],[1.0321203713537455],[-0.9837683679266152]
=======
rf,239,WHIM,[0.7541945713999462],[1.0134114021880698],[-0.9706143144437263]
>>>>>>> 7b7f284e87ce8343eb0b99287e96acc6ea0a01e5
