model,chem,descriptor,r2_value,RMSEP,Q2F3
rf,224,CATS,[0.8952084084748493],[0.7605275114062527],[0.39507710207641544]
