model,chem,descriptor,r2_value,RMSEP,Q2F3
rf,224,CDKmolprop,[0.8579380471198116],[0.8605964126915917],[0.16906036137978908]
