model,chem,descriptor,r2_value,RMSEP,Q2F3
rf,239,constitutional,[0.6936228020154043],[0.8550096376383334],[-0.22352328882674644]
