model,chem,descriptor,r2_value,RMSEP,Q2F3
<<<<<<< HEAD
rf,239,constitutional,[0.6936228020154043],[0.8550096376383334],[-0.22352328882674644]
=======
rf,239,constitutional,[0.6945777523160486],[0.8560266076982732],[-0.23285545861622192]
>>>>>>> 7b7f284e87ce8343eb0b99287e96acc6ea0a01e5
