model,chem,descriptor,r2_value,RMSEP,Q2F3
rf,224,MorganFP,[0.925726520293247],[0.6709179377108543],[0.5697745533365629]
