model,chem,descriptor,r2_value,RMSEP,Q2F3
rf,224,CATS,[0.8965541673766535],[0.758111594958705],[0.40144509423249186]
