model,chem,descriptor,r2_value,RMSEP,Q2F3
rf,224,WHIM,[0.7742782599211272],[1.030829122027336],[-0.55563936687719]
