model,chem,descriptor,r2_value,RMSEP,Q2F3
rf,224,Druglike,[0.06726927963873908],[1.105769216305658],[-0.9396954474771195]
