model,chem,descriptor,r2_value,RMSEP,Q2F3
<<<<<<< HEAD
rf,224,CDKmolprop,[0.8595455120096736],[0.8593995988343092],[0.17410051039080943]
=======
rf,224,CDKmolprop,[0.858554065411186],[0.8605376307974484],[0.17040671324197632]
>>>>>>> 7b7f284e87ce8343eb0b99287e96acc6ea0a01e5
