model,chem,descriptor,r2_value,RMSEP,Q2F3
rf,224,WHIM,[0.7723562754576025],[1.0299752157816382],[-0.5607775412382838]
