model,chem,descriptor,r2_value,RMSEP,Q2F3
rf,224,MorganFP,[0.9256616993247736],[0.6702916323316587],[0.5691079739694171]
