model,chem,descriptor,r2_value,RMSEP,Q2F3
rf,239,CDKmolprop,[0.7381027842585162],[0.8821110197461988],[-0.19843026332070757]
