model,chem,descriptor,r2_value,RMSEP,Q2F3
<<<<<<< HEAD
rf,239,CDKmolprop,[0.7387632046763577],[0.8868934761365002],[-0.22949580532562064]
=======
rf,239,CDKmolprop,[0.7294623007557348],[0.9209638187892469],[-0.3396491640749135]
>>>>>>> 7b7f284e87ce8343eb0b99287e96acc6ea0a01e5
