model,chem,descriptor,r2_value,RMSEP,Q2F3
rf,239,CATS,[0.8562898880751226],[1.0102712816072306],[-0.35519539115931864]
