model,chem,descriptor,r2_value,RMSEP,Q2F3
rf,224,MorganFP,[0.9192009559637853],[0.6802237743185736],[0.5606607730385178]
