model,chem,descriptor,r2_value,RMSEP,Q2F3
rf,239,MorganFP,[0.8453609363116243],[0.9179737365892774],[-0.10318529264518794]
