model,chem,descriptor,r2_value,RMSEP,Q2F3
rf,239,CDKmolprop,[0.7429990624256508],[0.899365821348886],[-0.25337278308695255]
