model,chem,descriptor,r2_value,RMSEP,Q2F3
rf,239,Druglike,[0.5616506576451167],[1.0374786411107222],[-0.845501512734796]
