model,chem,descriptor,r2_value,RMSEP,Q2F3
rf,224,constitutional,[0.8585747728750842],[0.8510502783717386],[0.21141329598728376]
