model,chem,descriptor,r2_value,RMSEP,Q2F3
rf,239,CDKmolprop,[0.7352040291872841],[0.8918507425504395],[-0.23648299383374716]
