model,chem,descriptor,r2_value,RMSEP,Q2F3
rf,239,WHIM,[0.7750791016493082],[1.0321203713537455],[-0.9837683679266152]
