model,chem,descriptor,r2_value,RMSEP,Q2F3
rf,239,CATS,[0.864933414055159],[0.9983538063768291],[-0.3055138339482619]
