model,chem,descriptor,r2_value,RMSEP,Q2F3
rf,239,Druglike,[0.5766771055058152],[1.0262224884521753],[-0.7545191017120876]
