model,chem,descriptor,r2_value,RMSEP,Q2F3
rf,224,Druglike,[0.058665543463393144],[1.106658273493362],[-0.9679633286273688]
