model,chem,descriptor,r2_value,RMSEP,Q2F3
rf,224,CDKmolprop,[0.8595455120096736],[0.8593995988343092],[0.17410051039080943]
