model,chem,descriptor,r2_value,RMSEP,Q2F3
<<<<<<< HEAD
rf,224,MorganFP,[0.9256616993247736],[0.6702916323316587],[0.5691079739694171]
=======
rf,224,MorganFP,[0.9192009559637853],[0.6802237743185736],[0.5606607730385178]
>>>>>>> 7b7f284e87ce8343eb0b99287e96acc6ea0a01e5
