model,chem,descriptor,r2_value,RMSEP,Q2F3
rf,224,constitutional,[0.8578636445746275],[0.846768796537115],[0.21641009000632494]
