model,chem,descriptor,r2_value,RMSEP,Q2F3
rf,224,constitutional,[0.8590976246350874],[0.8458515412698188],[0.21931208946862868]
