model,chem,descriptor,r2_value,RMSEP,Q2F3
rf,239,constitutional,[0.6896316971522163],[0.8606597885747802],[-0.2532986585474719]
