model,chem,descriptor,r2_value,RMSEP,Q2F3
<<<<<<< HEAD
rf,4005,constitutional,[0.8078948721964269],[0.8291830613812141],[0.1113158352261765]
=======
rf,4005,constitutional,[0.806439580898459],[0.827530106241984],[0.12096623492787228]
>>>>>>> 7b7f284e87ce8343eb0b99287e96acc6ea0a01e5
