model,chem,descriptor,r2_value,RMSEP,Q2F3
rf,4005,Druglike,[0.49928256372102076],[0.977889045343319],[-0.4651670558948826]
