model,chem,descriptor,r2_value,RMSEP,Q2F3
<<<<<<< HEAD
rf,4005,WHIM,[0.8312099897818865],[0.9466373114380899],[-0.31735222155165044]
=======
rf,4005,WHIM,[0.8329605878232881],[0.9456239590473625],[-0.31240670781583413]
>>>>>>> 7b7f284e87ce8343eb0b99287e96acc6ea0a01e5
