model,chem,descriptor,r2_value,RMSEP,Q2F3
rf,4005,CATS,[0.8916597254765465],[0.6921849557827127],[0.4242508003403934]
