model,chem,descriptor,r2_value,RMSEP,Q2F3
rf,4005,MorganFP,[0.9320227175652682],[0.6663173245140285],[0.514744369593485]
