model,chem,descriptor,r2_value,RMSEP,Q2F3
rf,4005,Druglike,[0.4999534251230374],[0.9815402951270092],[-0.4672758726580395]
