model,chem,descriptor,r2_value,RMSEP,Q2F3
rf,4005,MorganFP,[0.9325365337539682],[0.6652608232088205],[0.5161807284715962]
