model,chem,descriptor,r2_value,RMSEP,Q2F3
rf,4005,CDKmolprop,[0.8326973892292631],[0.8106414258578939],[0.14960998524737756]
