model,chem,descriptor,r2_value,RMSEP,Q2F3
rf,4005,CATS,[0.8910954336866013],[0.6909681200582645],[0.428425528934427]
