model,chem,descriptor,r2_value,RMSEP,Q2F3
rf,4005,constitutional,[0.7993108835217881],[0.8258273032016595],[0.11651489269033621]
