model,chem,descriptor,r2_value,rmsep,q2
rf,4005,MorganFP,[0.01214047430332943],[1.116574606535515],[-1.000314321020328]
