model,chem,descriptor,r2_value,RMSEP,Q2F3
<<<<<<< HEAD
rf,4005,CDKmolprop,[0.8326973892292631],[0.8106414258578939],[0.14960998524737756]
=======
rf,4005,CDKmolprop,[0.8333407896593801],[0.8140291647049231],[0.14499397983136708]
>>>>>>> 7b7f284e87ce8343eb0b99287e96acc6ea0a01e5
