model,chem,descriptor,r2_value,RMSEP,Q2F3
rf,4005,CDKmolprop,[0.8333407896593801],[0.8140291647049231],[0.14499397983136708]
