model,chem,descriptor,r2_value,RMSEP,Q2F3
rf,4005,WHIM,[0.830873323953529],[0.9453374359431035],[-0.31748446721772616]
