model,chem,descriptor,r2_value,RMSEP,Q2F3
rf,4005,WHIM,[0.8312099897818865],[0.9466373114380899],[-0.31735222155165044]
