model,chem,descriptor,r2_value,RMSEP,Q2F3
rf,4005,WHIM,[0.8193321646231995],[0.9574321859594169],[-0.3436908323817751]
