model,chem,descriptor,r2_value,RMSEP,Q2F3
rf,4005,MorganFP,[0.931481100412931],[0.6683616277628363],[0.5095931451260927]
