model,chem,descriptor,r2_value,RMSEP,Q2F3
rf,4005,CATS,[0.8908369038413343],[0.6908825011705128],[0.4280121146669831]
