model,chem,descriptor,r2_value,RMSEP,Q2F3
rf,4005,CDKmolprop,[0.8332180348788313],[0.8109529580923702],[0.14882330214385597]
