model,chem,descriptor,r2_value,RMSEP,Q2F3
rf,4005,MorganFP,[0.9302324267785193],[0.6632412581012269],[0.5158141704852846]
