model,chem,descriptor,r2_value,RMSEP,Q2F3
rf,4005,WHIM,[0.8329605878232881],[0.9456239590473625],[-0.31240670781583413]
