model,chem,descriptor,r2_value,RMSEP,Q2F3
rf,4005,CDKmolprop,[0.8334222233655766],[0.8123401177193414],[0.1483697022543925]
