model,chem,descriptor,r2_value,RMSEP,Q2F3
<<<<<<< HEAD
rf,4005,CATS,[0.8907835061661263],[0.6908416936839796],[0.4258706620029692]
=======
rf,4005,CATS,[0.8916597254765465],[0.6921849557827127],[0.4242508003403934]
>>>>>>> 7b7f284e87ce8343eb0b99287e96acc6ea0a01e5
