model,chem,descriptor,r2_value,rmsep,q2
rf,4005,Druglike,[0.0769449098169156],[1.079329286977427],[-0.8690919791270857]
