model,chem,descriptor,r2_value,rmsep,q2
rf,4005,constitutional,[-0.11136712832385509],[1.1843196208470852],[-1.2504045614477963]
