model,chem,descriptor,r2_value,RMSEP,Q2F3
rf,4005,CATS,[0.8909738997005145],[0.6935436023099079],[0.4238824167976102]
