model,chem,descriptor,r2_value,RMSEP,Q2F3
rf,4005,constitutional,[0.806439580898459],[0.827530106241984],[0.12096623492787228]
