model,chem,descriptor,r2_value,RMSEP,Q2F3
<<<<<<< HEAD
rf,4005,MorganFP,[0.931481100412931],[0.6683616277628363],[0.5095931451260927]
=======
rf,4005,MorganFP,[0.9325365337539682],[0.6652608232088205],[0.5161807284715962]
>>>>>>> 7b7f284e87ce8343eb0b99287e96acc6ea0a01e5
