model,chem,descriptor,r2_value,RMSEP,Q2F3
rf,4005,constitutional,[0.8078948721964269],[0.8291830613812141],[0.1113158352261765]
