model,chem,descriptor,r2_value,RMSEP,Q2F3
rf,4005,Druglike,[0.498587413021369],[0.9811339133545286],[-0.4728456495507194]
