model,chem,descriptor,r2_value,rmsep,q2
rf,4005,CATS,[0.10601575234053595],[1.06219703300955],[-0.8102265016867434]
