model,chem,descriptor,r2_value,RMSEP,Q2F3
<<<<<<< HEAD
rf,4005,Druglike,[0.5025755748867441],[0.9748897489490761],[-0.4513426478164786]
=======
rf,4005,Druglike,[0.498587413021369],[0.9811339133545286],[-0.4728456495507194]
>>>>>>> 7b7f284e87ce8343eb0b99287e96acc6ea0a01e5
