model,chem,descriptor,r2_value,rmsep,q2
rf,4005,CDKmolprop,[0.1124679460893434],[1.0583569698742428],[-0.797161470453041]
