model,chem,descriptor,r2_value,RMSEP,Q2F3
rf,4005,MorganFP,[0.9331239540355841],[0.6662604536943532],[0.5161741815685978]
