model,chem,descriptor,r2_value,RMSEP,Q2F3
rf,4005,constitutional,[0.807619980041671],[0.8292803331481085],[0.112009557868744]
