model,chem,descriptor,r2_value,RMSEP,Q2F3
rf,4005,constitutional,[0.8102269225479102],[0.8259151385755151],[0.12198371810923203]
