model,chem,descriptor,r2_value,RMSEP,Q2F3
rf,4005,constitutional,[0.8075751660862358],[0.8284880295111785],[0.1124634354608478]
