model,chem,descriptor,r2_value,RMSEP,Q2F3
rf,4005,WHIM,[0.8203995384127448],[0.9516516645238828],[-0.33727499637731406]
