model,chem,descriptor,r2_value,rmsep,q2
rf,4005,WHIM,[0.0038767330481589424],[1.1212351209420315],[-1.0170475503388046]
