model,chem,descriptor,r2_value,RMSEP,Q2F3
rf,4005,CATS,[0.8907835061661263],[0.6908416936839796],[0.4258706620029692]
