model,chem,descriptor,r2_value,RMSEP,Q2F3
rf,4005,CDKmolprop,[0.8326615440129546],[0.8085789543823916],[0.15625713258109686]
