model,chem,descriptor,r2_value,RMSEP,Q2F3
rf,4005,Druglike,[0.5025755748867441],[0.9748897489490761],[-0.4513426478164786]
