model,chem,descriptor,r2_value,RMSEP,Q2F3
rf,4005,CDKmolprop,[0.8328383523140661],[0.8107534165249097],[0.15042897261753496]
