model,chem,descriptor,r2_value,RMSEP,Q2F3
rf,4005,WHIM,[0.8320947493952194],[0.9435866779632923],[-0.30956758650401284]
