model,chem,descriptor,r2_value,RMSEP,Q2F3
rf,4005,MorganFP,[0.9324693196586156],[0.6674979429414309],[0.5127979176416928]
