mean_squared_error_score,variance_score,max_error_score,r2_value,rmsep
0.6324075132360324,0.42846049128001806,3.552601672150356,0.42560744343173507,0.1250745175098014
