model,chem,descriptor,r2_value,RMSEP,Q2F3
<<<<<<< HEAD
svr,4005,WHIM,[-0.655456164667797],[1.0420977624077101],[-1.9355107812457133]
=======
svr,4005,WHIM,[-20.821052351441647],[1.0828058115758268],[-21.844601307958776]
>>>>>>> 7b7f284e87ce8343eb0b99287e96acc6ea0a01e5
