model,chem,descriptor,r2_value,RMSEP,Q2F3
svr,239,Druglike,[-1.238397834356992],[0.9201691123454039],[-2.1152506161186926]
