model,chem,descriptor,r2_value,RMSEP,Q2F3
svr,224,CATS,[-0.029228754246521937],[0.8719758314196595],[-0.30407346766621446]
