model,chem,descriptor,r2_value,rmsep,q2
svr,239,CATS,[-0.030892436908568133],[1.0591011848351697],[-0.9964981977702942]
