model,chem,descriptor,r2_value,RMSEP,Q2F3
svr,4005,CATS,[-0.40438426185944953],[0.8122255584175536],[-0.5204559400665754]
