model,chem,descriptor,r2_value,rmsep,q2
svr,224,WHIM,[0.007166441747749053],[1.1541908687288465],[-1.015775836110981]
