model,chem,descriptor,r2_value,RMSEP,Q2F3
svr,239,MorganFP,[0.7996084379508119],[0.8556213297758561],[-0.056586370189575685]
