model,chem,descriptor,r2_value,rmsep,q2
svr,224,constitutional,[0.04124632556266983],[1.132988014439991],[-0.9437182061402201]
