model,chem,descriptor,r2_value,RMSEP,Q2F3
<<<<<<< HEAD
svr,239,MorganFP,[0.7996084379508119],[0.8556213297758561],[-0.056586370189575685]
=======
svr,239,MorganFP,[0.6642493609560856],[0.9016510285111232],[-0.2348214205836756]
>>>>>>> 7b7f284e87ce8343eb0b99287e96acc6ea0a01e5
