model,chem,descriptor,r2_value,rmsep,q2
svr,4005,WHIM,[0.04823778739562523],[1.0959844185076277],[-0.9272209606278654]
