mean_squared_error_score,variance_score,max_error_score,r2_value,rmsep
0.6350920483456107,0.430862307382029,4.241058399807118,0.42316917862223324,0.12370409437545557
