model,chem,descriptor,r2_value,RMSEP,Q2F3
<<<<<<< HEAD
svr,4005,CDKmolprop,[-0.03364881091586258],[0.8578528428119369],[-0.3550215645915382]
=======
svr,4005,CDKmolprop,[-8.9623790293917],[1.0707783281163408],[-9.100651579586925]
>>>>>>> 7b7f284e87ce8343eb0b99287e96acc6ea0a01e5
