model,chem,descriptor,r2_value,RMSEP,Q2F3
svr,239,CDKmolprop,[-0.9887570926579159],[0.9620820855615577],[-2.4110513455742795]
