model,chem,descriptor,r2_value,RMSEP,Q2F3
svr,239,constitutional,[-22.447152252053037],[1.1101941286547796],[-26.15659809510957]
