model,chem,descriptor,r2_value,RMSEP,Q2F3
<<<<<<< HEAD
svr,4005,Druglike,[-1.3209823884847887],[1.0165176651989374],[-2.0314934852033435]
=======
svr,4005,Druglike,[-4.3719280958050275],[1.0394528042740958],[-4.988376375235187]
>>>>>>> 7b7f284e87ce8343eb0b99287e96acc6ea0a01e5
