model,chem,descriptor,r2_value,rmsep,q2
svr,239,WHIM,[-0.5632067796527445],[1.3041843730732203],[-1.9851797556192836]
