model,chem,descriptor,r2_value,RMSEP,Q2F3
svr,239,CATS,[0.2613220662338728],[0.9497123884703125],[-0.8687575581016951]
