model,chem,descriptor,r2_value,RMSEP,Q2F3
svr,239,constitutional,[-0.17917261365630344],[0.9162069205357136],[-1.263000070773919]
