model,chem,descriptor,r2_value,RMSEP,Q2F3
svr,4005,MorganFP,[0.7825239588878207],[0.6751625046059042],[0.4127742470129754]
