model,chem,descriptor,r2_value,RMSEP,Q2F3
svr,224,CDKmolprop,[-0.7317127814667452],[0.9509230535135765],[-0.9444680859094732]
