model,chem,descriptor,r2_value,RMSEP,Q2F3
svr,224,constitutional,[-12.16486504594434],[1.123678076601906],[-11.926375751669433]
