model,chem,descriptor,r2_value,rmsep,q2
svr,4005,constitutional,[0.08228189854803558],[1.0762044903681682],[-0.8582851237875531]
