model,chem,descriptor,r2_value,RMSEP,Q2F3
svr,4005,CDKmolprop,[-0.03364881091586258],[0.8578528428119369],[-0.3550215645915382]
