model,chem,descriptor,r2_value,RMSEP,Q2F3
<<<<<<< HEAD
svr,224,CDKmolprop,[-0.7317127814667452],[0.9509230535135765],[-0.9444680859094732]
=======
svr,224,CDKmolprop,[-12.875810873770646],[1.128050781793617],[-12.628745046768381]
>>>>>>> 7b7f284e87ce8343eb0b99287e96acc6ea0a01e5
