model,chem,descriptor,r2_value,RMSEP,Q2F3
<<<<<<< HEAD
svr,224,WHIM,[-2.2164377494307272],[1.0960283146925331],[-3.11953693484954]
=======
svr,224,WHIM,[-10.876501916245887],[1.126657960381808],[-10.820094945037752]
>>>>>>> 7b7f284e87ce8343eb0b99287e96acc6ea0a01e5
