model,chem,descriptor,r2_value,RMSEP,Q2F3
svr,224,constitutional,[-0.29445692239979815],[0.9041274323016659],[-0.507254256023252]
