model,chem,descriptor,r2_value,RMSEP,Q2F3
svr,239,WHIM,[-11.593993933538146],[1.042822850353497],[-13.198888864477945]
