model,chem,descriptor,r2_value,RMSEP,Q2F3
svr,239,Druglike,[-0.08621416432024098],[0.9434419125893494],[-1.1417227321471044]
