model,chem,descriptor,r2_value,RMSEP,Q2F3
<<<<<<< HEAD
svr,239,WHIM,[-0.07842000610218758],[1.0401402131806294],[-2.1222898118861604]
=======
svr,239,WHIM,[-11.593993933538146],[1.042822850353497],[-13.198888864477945]
>>>>>>> 7b7f284e87ce8343eb0b99287e96acc6ea0a01e5
