model,chem,descriptor,r2_value,RMSEP,Q2F3
svr,4005,CATS,[0.41668809427775977],[0.7545778293634852],[0.09578547128389991]
