model,chem,descriptor,r2_value,RMSEP,Q2F3
<<<<<<< HEAD
svr,239,CDKmolprop,[-0.9887570926579159],[0.9620820855615577],[-2.4110513455742795]
=======
svr,239,CDKmolprop,[-19.974479603829327],[1.1023731783199433],[-23.080365180965206]
>>>>>>> 7b7f284e87ce8343eb0b99287e96acc6ea0a01e5
