model,chem,descriptor,r2_value,RMSEP,Q2F3
svr,239,MorganFP,[0.6642493609560856],[0.9016510285111232],[-0.2348214205836756]
