model,chem,descriptor,r2_value,rmsep,q2
svr,4005,MorganFP,[0.011759277390337441],[1.1167900186102164],[-1.001086205710764]
