model,chem,descriptor,r2_value,RMSEP,Q2F3
<<<<<<< HEAD
svr,239,constitutional,[-0.17917261365630344],[0.9162069205357136],[-1.263000070773919]
=======
svr,239,constitutional,[-22.447152252053037],[1.1101941286547796],[-26.15659809510957]
>>>>>>> 7b7f284e87ce8343eb0b99287e96acc6ea0a01e5
