model,chem,descriptor,r2_value,RMSEP,Q2F3
<<<<<<< HEAD
svr,239,Druglike,[-0.08621416432024098],[0.9434419125893494],[-1.1417227321471044]
=======
svr,239,Druglike,[-1.238397834356992],[0.9201691123454039],[-2.1152506161186926]
>>>>>>> 7b7f284e87ce8343eb0b99287e96acc6ea0a01e5
