model,chem,descriptor,r2_value,RMSEP,Q2F3
<<<<<<< HEAD
svr,224,CATS,[-0.029228754246521937],[0.8719758314196595],[-0.30407346766621446]
=======
svr,224,CATS,[-1.223302243060405],[0.9229848393898884],[-1.3276155716150195]
>>>>>>> 7b7f284e87ce8343eb0b99287e96acc6ea0a01e5
