model,chem,descriptor,r2_value,RMSEP,Q2F3
<<<<<<< HEAD
svr,224,MorganFP,[0.8034034278160662],[0.7378524778965319],[0.4033665660735699]
=======
svr,224,MorganFP,[0.7631089277749883],[0.6767813439372171],[0.49695977435600314]
>>>>>>> 7b7f284e87ce8343eb0b99287e96acc6ea0a01e5
