model,chem,descriptor,r2_value,rmsep,q2
svr,224,CATS,[0.09303970179327126],[1.1019602607294952],[-0.8387155020869896]
