model,chem,descriptor,r2_value,RMSEP,Q2F3
svr,4005,WHIM,[-0.655456164667797],[1.0420977624077101],[-1.9355107812457133]
