model,chem,descriptor,r2_value,rmsep,q2
svr,4005,CDKmolprop,[0.09106816760672765],[1.071040288094056],[-0.8404938292064279]
