model,chem,descriptor,r2_value,RMSEP,Q2F3
svr,224,CATS,[-1.223302243060405],[0.9229848393898884],[-1.3276155716150195]
