model,chem,descriptor,r2_value,RMSEP,Q2F3
<<<<<<< HEAD
svr,224,constitutional,[-0.29445692239979815],[0.9041274323016659],[-0.507254256023252]
=======
svr,224,constitutional,[-12.16486504594434],[1.123678076601906],[-11.926375751669433]
>>>>>>> 7b7f284e87ce8343eb0b99287e96acc6ea0a01e5
