model,chem,descriptor,r2_value,RMSEP,Q2F3
svr,4005,Druglike,[-1.3209823884847887],[1.0165176651989374],[-2.0314934852033435]
