model,chem,descriptor,r2_value,RMSEP,Q2F3
svr,4005,constitutional,[-9.386881249406471],[1.0698816377572198],[-9.560551600752648]
