model,chem,descriptor,r2_value,rmsep,q2
svr,224,Druglike,[0.014774398734358707],[1.1485228479330472],[-0.9973857617383741]
