model,chem,descriptor,r2_value,RMSEP,Q2F3
svr,224,MorganFP,[0.8034034278160662],[0.7378524778965319],[0.4033665660735699]
