model,chem,descriptor,r2_value,rmsep,q2
svr,239,Druglike,[-0.06254345880359424],[1.0752368210075811],[-1.0577957744219426]
