model,chem,descriptor,r2_value,RMSEP,Q2F3
<<<<<<< HEAD
svr,4005,MorganFP,[0.8094457154006158],[0.798493708241132],[0.14404407247868178]
=======
svr,4005,MorganFP,[0.7825239588878207],[0.6751625046059042],[0.4127742470129754]
>>>>>>> 7b7f284e87ce8343eb0b99287e96acc6ea0a01e5
