model,chem,descriptor,r2_value,RMSEP,Q2F3
<<<<<<< HEAD
svr,4005,constitutional,[-0.05492779675225967],[0.8661732740998414],[-0.4426046099095311]
=======
svr,4005,constitutional,[-9.386881249406471],[1.0698816377572198],[-9.560551600752648]
>>>>>>> 7b7f284e87ce8343eb0b99287e96acc6ea0a01e5
