model,chem,descriptor,r2_value,RMSEP,Q2F3
svr,239,WHIM,[-0.07842000610218758],[1.0401402131806294],[-2.1222898118861604]
