model,chem,descriptor,r2_value,RMSEP,Q2F3
<<<<<<< HEAD
svr,224,Druglike,[-2.2648894476487618],[1.0767965259242207],[-2.740340641223194]
=======
svr,224,Druglike,[-4.76286441807103],[1.077419930869464],[-4.775008152034774]
>>>>>>> 7b7f284e87ce8343eb0b99287e96acc6ea0a01e5
