model,chem,descriptor,r2_value,rmsep,q2
svr,239,constitutional,[-0.10072358297470618],[1.0943844481140785],[-1.1317380659444782]
