model,chem,descriptor,r2_value,RMSEP,Q2F3
svr,224,WHIM,[-10.876501916245887],[1.126657960381808],[-10.820094945037752]
