model,chem,descriptor,r2_value,RMSEP,Q2F3
svr,224,CDKmolprop,[-12.875810873770646],[1.128050781793617],[-12.628745046768381]
