model,chem,descriptor,r2_value,RMSEP,Q2F3
svr,224,Druglike,[-4.76286441807103],[1.077419930869464],[-4.775008152034774]
