model,chem,descriptor,r2_value,RMSEP,Q2F3
svr,224,WHIM,[-2.2164377494307272],[1.0960283146925331],[-3.11953693484954]
