model,chem,descriptor,r2_value,RMSEP,Q2F3
svr,239,CDKmolprop,[-19.974479603829327],[1.1023731783199433],[-23.080365180965206]
