model,chem,descriptor,r2_value,rmsep,q2
svr,239,CDKmolprop,[-0.21163773367234495],[1.1481990207750554],[-1.3465421464158718]
