model,chem,descriptor,r2_value,RMSEP,Q2F3
svr,224,Druglike,[-2.2648894476487618],[1.0767965259242207],[-2.740340641223194]
