model,chem,descriptor,r2_value,RMSEP,Q2F3
svr,4005,WHIM,[-20.821052351441647],[1.0828058115758268],[-21.844601307958776]
