model,chem,descriptor,r2_value,RMSEP,Q2F3
svr,4005,CDKmolprop,[-8.9623790293917],[1.0707783281163408],[-9.100651579586925]
