model,chem,descriptor,r2_value,RMSEP,Q2F3
svr,4005,Druglike,[-4.3719280958050275],[1.0394528042740958],[-4.988376375235187]
