model,chem,descriptor,r2_value,rmsep,q2
svr,4005,CATS,[0.051701289651133964],[1.093988434556484],[-0.9202077234394157]
