model,chem,descriptor,r2_value,rmsep,q2
svr,239,MorganFP,[-0.21042076984802804],[1.1476222527883821],[-1.3441852893908202]
