model,chem,descriptor,r2_value,RMSEP,Q2F3
<<<<<<< HEAD
svr,4005,CATS,[0.41668809427775977],[0.7545778293634852],[0.09578547128389991]
=======
svr,4005,CATS,[-0.40438426185944953],[0.8122255584175536],[-0.5204559400665754]
>>>>>>> 7b7f284e87ce8343eb0b99287e96acc6ea0a01e5
