model,chem,descriptor,r2_value,RMSEP,Q2F3
svr,4005,MorganFP,[0.8094457154006158],[0.798493708241132],[0.14404407247868178]
