model,chem,descriptor,r2_value,RMSEP,Q2F3
knn,239,WHIM,[-4.6329406908429895],[0.7073620358741965],[-2.256122709520868]
