model,chem,descriptor,r2_value,RMSEP,Q2F3
knn,239,CATS,[0.5181393097044078],[0.7415740932093521],[0.21397201015906553]
