model,chem,descriptor,r2_value,RMSEP,Q2F3
knn,239,CDKmolprop,[0.022002943044404755],[0.7375282633584814],[-0.059711800679051574]
