model,chem,descriptor,r2_value,RMSEP,Q2F3
knn,224,CDKmolprop,[0.18062460777175138],[0.8551217553971261],[-0.023211149301953116]
