model,chem,descriptor,r2_value,RMSEP,Q2F3
knn,224,CATS,[0.48419155540442826],[0.7710735565650326],[0.3198383255660977]
