model,chem,descriptor,r2_value,RMSEP,Q2F3
knn,4005,WHIM,[-3.3818151101970955],[0.8834112859972733],[-2.675676561157045]
