model,chem,descriptor,r2_value,RMSEP,Q2F3
knn,239,constitutional,[-0.007005052375299581],[0.6855476588894374],[0.057979730097164284]
