model,chem,descriptor,r2_value,RMSEP,Q2F3
knn,4005,CATS,[0.8237826187083016],[0.7306519937090921],[0.47266160295994575]
