model,chem,descriptor,r2_value,RMSEP,Q2F3
knn,224,WHIM,[-5.832994845567481],[0.9371113007591714],[-4.325742058556238]
