model,chem,descriptor,r2_value,RMSEP,Q2F3
knn,4005,constitutional,[-0.0425097305674631],[0.7796378134824644],[-0.12893981550742528]
