model,chem,descriptor,r2_value,RMSEP,Q2F3
rf,224,constitutional,[0.8593456497542973],[0.753961326046071],[0.38007749168637106]
