model,chem,descriptor,r2_value,RMSEP,Q2F3
rf,239,MorganFP,[0.8328232756445925],[0.7025262380708743],[0.34548175403745374]
