model,chem,descriptor,r2_value,RMSEP,Q2F3
rf,224,CATS,[0.8954342703444451],[0.6883639012930638],[0.5055045965561276]
