model,chem,descriptor,r2_value,RMSEP,Q2F3
rf,239,MorganFP,[0.8480900254396022],[0.7158557926111165],[0.3234645525883416]
