model,chem,descriptor,r2_value,RMSEP,Q2F3
rf,224,CDKmolprop,[0.8576689225417998],[0.7760509823821415],[0.3237118313436257]
