model,chem,descriptor,r2_value,RMSEP,Q2F3
rf,239,MorganFP,[0.8392814998256714],[0.7159438483999538],[0.32708370187750624]
