model,chem,descriptor,r2_value,RMSEP,Q2F3
rf,224,CDKmolprop,[0.8576523036523572],[0.7738043101748456],[0.3291625006513268]
