model,chem,descriptor,r2_value,RMSEP,Q2F3
rf,224,MorganFP,[0.9256813905052612],[0.5747406101998122],[0.6837032643763084]
