model,chem,descriptor,r2_value,RMSEP,Q2F3
rf,224,constitutional,[0.8581876661191519],[0.7530541354682978],[0.38096062037095046]
