model,chem,descriptor,r2_value,RMSEP,Q2F3
rf,224,CATS,[0.8942050968026826],[0.6881418746486159],[0.5053131445257381]
