model,chem,descriptor,r2_value,RMSEP,Q2F3
rf,239,constitutional,[0.6695779941005762],[0.82075603336635],[-0.10708387372222838]
