model,chem,descriptor,r2_value,RMSEP,Q2F3
rf,239,constitutional,[0.695584394310824],[0.8166865004042236],[-0.11007308566425933]
