model,chem,descriptor,r2_value,RMSEP,Q2F3
rf,239,WHIM,[0.7699967679698482],[0.8279120534857943],[-0.29345897736805227]
