model,chem,descriptor,r2_value,RMSEP,Q2F3
rf,224,WHIM,[0.7716906917924459],[0.8638351080691278],[-0.09626626078128564]
