model,chem,descriptor,r2_value,RMSEP,Q2F3
rf,224,WHIM,[0.7718593885741368],[0.8623827858869745],[-0.09473066717145162]
