model,chem,descriptor,r2_value,RMSEP,Q2F3
rf,239,Druglike,[0.5551703333026017],[0.7881878323879308],[-0.04218810487426938]
