model,chem,descriptor,r2_value,RMSEP,Q2F3
rf,239,CDKmolprop,[0.7407544799639489],[0.9399035466894333],[-0.3357206600330085]
