model,chem,descriptor,r2_value,RMSEP,Q2F3
rf,224,CATS,[0.8963669979943156],[0.6847984766736188],[0.5111615012885129]
