model,chem,descriptor,r2_value,RMSEP,Q2F3
rf,239,WHIM,[0.7628316369121021],[0.8058982472209331],[-0.19636759217047772]
