model,chem,descriptor,r2_value,RMSEP,Q2F3
rf,239,Druglike,[0.5669803704543201],[0.7952458130508622],[-0.06772401342121848]
