model,chem,descriptor,r2_value,RMSEP,Q2F3
rf,239,CDKmolprop,[0.7356583892977511],[0.9083879676951747],[-0.2930575520002112]
