model,chem,descriptor,r2_value,RMSEP,Q2F3
rf,224,WHIM,[0.7718519620981122],[0.8626932010522136],[-0.09488695173071982]
