model,chem,descriptor,r2_value,RMSEP,Q2F3
rf,239,MorganFP,[0.8496587066468698],[0.7273809704342741],[0.31396793364470943]
