model,chem,descriptor,r2_value,RMSEP,Q2F3
rf,239,constitutional,[0.6982737153685787],[0.7942681689495252],[-0.05585826800227567]
