model,chem,descriptor,r2_value,RMSEP,Q2F3
rf,224,MorganFP,[0.9257520588158848],[0.5760946883256235],[0.6821475641804197]
