model,chem,descriptor,r2_value,RMSEP,Q2F3
rf,224,constitutional,[0.8590409607362008],[0.7578177259077672],[0.3741700578492655]
