model,chem,descriptor,r2_value,RMSEP,Q2F3
rf,224,constitutional,[0.8575830809858981],[0.7567055113702629],[0.37329141056805715]
