model,chem,descriptor,r2_value,RMSEP,Q2F3
rf,224,WHIM,[0.7712564991814076],[0.8631602783056893],[-0.09730427183208601]
