model,chem,descriptor,r2_value,RMSEP,Q2F3
rf,239,WHIM,[0.7699518036401299],[0.8104247655392505],[-0.23875382594138372]
