model,chem,descriptor,r2_value,RMSEP,Q2F3
rf,239,WHIM,[0.7799869826906365],[0.8224108777237262],[-0.22465152243471875]
