model,chem,descriptor,r2_value,RMSEP,Q2F3
rf,239,CATS,[0.8523910599564711],[0.7297617974645768],[0.281064742296957]
