model,chem,descriptor,r2_value,RMSEP,Q2F3
rf,239,CDKmolprop,[0.7375650282529636],[0.8815558839045174],[-0.20700309592592525]
