model,chem,descriptor,r2_value,RMSEP,Q2F3
rf,224,MorganFP,[0.9253363685185502],[0.572816560484586],[0.6852757435414494]
