model,chem,descriptor,r2_value,RMSEP,Q2F3
rf,239,MorganFP,[0.8353309260657668],[0.7262756687422406],[0.2935707783897208]
