model,chem,descriptor,r2_value,RMSEP,Q2F3
rf,239,constitutional,[0.7070431265248591],[0.8100680357379664],[-0.08305498092024588]
