model,chem,descriptor,r2_value,RMSEP,Q2F3
rf,224,constitutional,[0.8581057717204157],[0.7553774656928209],[0.3771703124935114]
