model,chem,descriptor,r2_value,RMSEP,Q2F3
rf,224,CATS,[0.8957144074582744],[0.6838898075667977],[0.5129007476548217]
