model,chem,descriptor,r2_value,RMSEP,Q2F3
rf,224,WHIM,[0.7720612671615528],[0.8630099160953424],[-0.09345928744088328]
