model,chem,descriptor,r2_value,RMSEP,Q2F3
rf,239,constitutional,[0.6914174589658724],[0.8046569911856224],[-0.08806893793500192]
