model,chem,descriptor,r2_value,RMSEP,Q2F3
rf,224,CDKmolprop,[0.8559905134568375],[0.776264504385218],[0.32348104652421494]
