model,chem,descriptor,r2_value,RMSEP,Q2F3
rf,224,MorganFP,[0.9254846571574049],[0.5771281362814241],[0.681708598604893]
