model,chem,descriptor,r2_value,RMSEP,Q2F3
rf,224,MorganFP,[0.925341878240599],[0.5747006366108874],[0.6839059294832818]
