model,chem,descriptor,r2_value,RMSEP,Q2F3
rf,224,CDKmolprop,[0.8596415957788878],[0.7798312694819901],[0.319786315405702]
