model,chem,descriptor,r2_value,RMSEP,Q2F3
rf,239,CATS,[0.8347759061259277],[0.674334914734511],[0.37400914877231417]
