model,chem,descriptor,r2_value,RMSEP,Q2F3
rf,239,CDKmolprop,[0.7347571212570954],[0.916339116644352],[-0.3033214758106928]
