model,chem,descriptor,r2_value,RMSEP,Q2F3
rf,224,CDKmolprop,[0.858679911186433],[0.7759587152691163],[0.32445541180794835]
