model,chem,descriptor,r2_value,RMSEP,Q2F3
rf,239,WHIM,[0.7065072843980991],[0.8400761454498625],[-0.37190496449760735]
