model,chem,descriptor,r2_value,RMSEP,Q2F3
rf,239,Druglike,[0.5568824416058938],[0.7791960534227138],[-0.017338540937634317]
