model,chem,descriptor,r2_value,RMSEP,Q2F3
rf,224,CATS,[0.8958142816757851],[0.6838448544048643],[0.5116500874632763]
