model,chem,descriptor,r2_value,RMSEP,Q2F3
rf,4005,MorganFP,[0.9326589151704248],[0.5956060113437854],[0.6123286186760009]
