model,chem,descriptor,r2_value,RMSEP,Q2F3
rf,4005,constitutional,[0.810179149579489],[0.721333916898035],[0.33131359347762757]
