model,chem,descriptor,r2_value,RMSEP,Q2F3
rf,4005,Druglike,[0.5023057935018675],[0.7886804202881235],[0.05034644046856318]
