model,chem,descriptor,r2_value,RMSEP,Q2F3
rf,4005,WHIM,[0.8348741567576703],[0.7793404499443195],[0.1094524077854443]
