model,chem,descriptor,r2_value,RMSEP,Q2F3
rf,4005,CDKmolprop,[0.8338373350936443],[0.7251628258282639],[0.32134305046169176]
