model,chem,descriptor,r2_value,RMSEP,Q2F3
rf,4005,WHIM,[0.836038140035885],[0.7767344188747655],[0.12097985142992462]
