model,chem,descriptor,r2_value,RMSEP,Q2F3
rf,4005,Druglike,[0.5016714813513099],[0.78981700799596],[0.04733078471094998]
