model,chem,descriptor,r2_value,RMSEP,Q2F3
rf,4005,constitutional,[0.8081311571024088],[0.7288209161711383],[0.316394466794937]
