model,chem,descriptor,r2_value,RMSEP,Q2F3
rf,4005,Druglike,[0.4955761654770544],[0.7901426310419015],[0.039124363955344243]
