model,chem,descriptor,r2_value,RMSEP,Q2F3
rf,4005,constitutional,[0.8094880848894891],[0.7216978326371384],[0.33006203856425465]
