model,chem,descriptor,r2_value,RMSEP,Q2F3
rf,4005,CDKmolprop,[0.8312655506075248],[0.7191212016595032],[0.3313455993562501]
