model,chem,descriptor,r2_value,RMSEP,Q2F3
rf,4005,MorganFP,[0.9327186075112432],[0.5953140674946997],[0.6125133833591668]
