model,chem,descriptor,r2_value,RMSEP,Q2F3
rf,4005,MorganFP,[0.9317156881243263],[0.5973245352218232],[0.6094476577867912]
