model,chem,descriptor,r2_value,RMSEP,Q2F3
rf,4005,MorganFP,[0.9317602048420428],[0.5935420022524842],[0.6139525951991365]
