model,chem,descriptor,r2_value,RMSEP,Q2F3
rf,4005,constitutional,[0.8090788768168323],[0.7207759207211487],[0.3392335597586873]
