model,chem,descriptor,r2_value,RMSEP,Q2F3
rf,4005,MorganFP,[0.9321537579264542],[0.6049637640770458],[0.6032289783032282]
