model,chem,descriptor,r2_value,RMSEP,Q2F3
rf,4005,CATS,[0.8893498603945528],[0.6041835642117258],[0.5611101030038421]
