model,chem,descriptor,r2_value,RMSEP,Q2F3
rf,4005,CDKmolprop,[0.8325938319887881],[0.7247069577077189],[0.3210055815548345]
