model,chem,descriptor,r2_value,RMSEP,Q2F3
rf,4005,Druglike,[0.5012066139528553],[0.789690223606101],[0.046376037879383936]
