model,chem,descriptor,r2_value,RMSEP,Q2F3
rf,4005,WHIM,[0.8309465023938386],[0.7767082489440529],[0.1108293765784385]
