model,chem,descriptor,r2_value,RMSEP,Q2F3
rf,4005,CDKmolprop,[0.8324821150725191],[0.7241525785150816],[0.32307298318507016]
