model,chem,descriptor,r2_value,RMSEP,Q2F3
rf,4005,Druglike,[0.5008945031607119],[0.7870838087351527],[0.05416837062152491]
