model,chem,descriptor,r2_value,RMSEP,Q2F3
rf,4005,WHIM,[0.8311511676965584],[0.7763465634272031],[0.11190685941436207]
