model,chem,descriptor,r2_value,RMSEP,Q2F3
rf,4005,CATS,[0.8905919852134587],[0.6023333497182979],[0.5645363410980268]
