model,chem,descriptor,r2_value,RMSEP,Q2F3
rf,4005,constitutional,[0.7947837634781781],[0.7400259439590318],[0.29500149879774384]
