model,chem,descriptor,r2_value,RMSEP,Q2F3
rf,4005,CATS,[0.8914209528722042],[0.6048466940641887],[0.5612196523733919]
