model,chem,descriptor,r2_value,RMSEP,Q2F3
rf,4005,CATS,[0.8906995433121488],[0.6007388630450626],[0.5674263434863187]
