model,chem,descriptor,r2_value,RMSEP,Q2F3
rf,4005,CDKmolprop,[0.8329423228647488],[0.7242469807927974],[0.3220082240043578]
