model,chem,descriptor,r2_value,RMSEP,Q2F3
rf,4005,WHIM,[0.8323758978837729],[0.7805803141767272],[0.10424924221170062]
