model,chem,descriptor,r2_value,RMSEP,Q2F3
rf,4005,CATS,[0.8901338575412903],[0.6073517276318342],[0.5566958173263146]
