model,chem,descriptor,r2_value,RMSEP,Q2F3
svr,239,WHIM,[-0.07842000610218736],[0.7343024098449218],[-0.5561066000403456]
