model,chem,descriptor,r2_value,RMSEP,Q2F3
svr,4005,MorganFP,[0.8094457154006158],[0.6638800278391508],[0.40831901298984885]
