model,chem,descriptor,r2_value,RMSEP,Q2F3
svr,224,MorganFP,[0.8034034278160664],[0.6311807405788459],[0.5634077887956774]
