model,chem,descriptor,r2_value,RMSEP,Q2F3
svr,224,WHIM,[-2.2164377494307255],[0.9364575397781699],[-2.0073296402081318]
