model,chem,descriptor,r2_value,RMSEP,Q2F3
svr,239,CATS,[0.2613220662338731],[0.6842910349517486],[0.029824157797225803]
