model,chem,descriptor,r2_value,RMSEP,Q2F3
svr,239,constitutional,[-0.17917261365630188],[0.6243442819425457],[-0.05086205095400831]
