model,chem,descriptor,r2_value,RMSEP,Q2F3
svr,239,MorganFP,[0.7996084379508119],[0.6205424150920571],[0.44424325518898344]
