model,chem,descriptor,r2_value,RMSEP,Q2F3
svr,4005,CDKmolprop,[-0.033648810915863026],[0.739289654240718],[-0.006351908518016369]
