model,chem,descriptor,r2_value,RMSEP,Q2F3
svr,224,CATS,[-0.02922875424652216],[0.7852014401209466],[-0.05743903545742346]
