Q2F3,y_true,y_pred,y_train
-0.451775444324531,"[5.72999933 8.69897    6.51570016 7.32790214 8.10237291 5.13667714
 7.7235382  7.33998878 7.94302832 7.62785351 6.82390874 7.06550155
 5.537602   5.95860731 8.39794001 6.07572071 6.54328382 6.6716204
 4.45593196 5.71444269 8.11918641 7.64878473 7.48940535 5.95860731
 6.00877392 6.4828041  6.25181197 9.12493874 5.69897    5.45717457
 5.92081875 6.02687215 6.63827216 8.13667714 5.74472749 6.87614836
 4.7721133  6.09691001 6.74999497 7.26165663 5.92081875 7.25003192
 7.20065945 6.59345982]","[6.45249987 6.30497303 7.26009626 7.66553355 7.20225469 5.68183449
 6.34258645 6.30497303 7.61339518 7.46836484 5.492594   7.36465042
 5.7113438  6.10136872 6.3608845  5.72951203 6.960652   7.71455919
 6.88753941 7.11950638 7.71455919 7.53451824 7.46836484 6.12749752
 5.80655339 7.89794425 5.81690156 6.69829893 5.83272845 5.68183449
 5.65255614 5.9034377  7.10402582 7.57002223 5.65255614 7.88841453
 7.07514776 5.91801526 6.43249893 7.27051171 6.09267819 6.61747495
 7.28407111 7.80792356]","[7.66553355 6.10136872 6.95116497 6.01310903 5.69562901 6.93968069
 7.66553355 7.33858058 7.57002223 5.65255614 7.34249845 6.10136872
 4.94917037 6.09267819 6.64247958 6.59997519 5.88181089 6.10136872
 7.57002223 7.9518442  7.39193654 7.66553355 5.90355376 7.46836484
 7.34249845 4.94917037 7.07514776 5.98292459 6.04710625 5.85232743
 7.07514776 7.41869686 7.08872846 7.39551569 5.64140888 7.20225469
 6.64243083 5.65255614 5.91801526 5.73982964 6.61747495 7.89794425
 5.92738283 7.9518442  5.87130199 6.61747495 6.06475152 5.65255614
 5.98292459 5.80055975 7.79840328 6.59997519 5.56240222 6.95116497
 5.73714472 5.98292459 6.59997519 5.65255614 7.89794425 6.69829893
 6.58997768 5.50308343 5.92778126 7.2885985  7.71455919 5.81681514
 6.13992767 7.46836484 6.12749752 7.46836484 7.46836484 7.9518442
 5.87130199 6.11690569 5.83053988 5.72951203 4.94917037 5.72951203
 5.492594   5.68183449 4.81965041 6.49420466 6.93968069 6.30497303
 6.18026589 5.81951933 7.41869686 5.50830575 5.73714472]"
