Q2F3,y_true,y_pred,y_train
-2.4428524124403856,[8.02548831 9.52287875 8.03151705 ... 8.04575749 6.77728353 6.5214359 ],[7.20158567 7.87591987 7.4713103  ... 7.50340227 7.02487597 7.37613448],[6.89190019 7.15412607 6.93436823 ... 7.37043439 6.40104363 7.75781883]
