Q2F3,y_true,y_pred,y_train
-6.2016842334288595,[8.02548831 9.52287875 8.03151705 ... 8.04575749 6.77728353 6.5214359 ],[7.16899593 7.69985635 7.70831336 ... 7.6599927  7.68423513 7.44108365],[7.6909827  7.3167132  7.52546132 ... 8.20983991 7.21029752 6.72693413]
