Q2F3,y_true,y_pred,y_train
0.24072430975825043,[8.02548831 9.52287875 8.03151705 ... 8.04575749 6.77728353 6.5214359 ],[8.02757672 9.25714392 8.37725138 ... 8.0573459  6.30348    6.54710166],[5.99291803 5.82079244 6.71399138 ... 9.42499909 6.85578416 6.3701067 ]
