Q2F3,y_true,y_pred,y_train
-3.2543234417964158,[8.02548831 9.52287875 8.03151705 ... 8.04575749 6.77728353 6.5214359 ],[7.29210227 7.94413355 7.18616627 ... 7.72948232 7.18928588 7.398923  ],[6.97151828 6.56068808 6.5531901  ... 7.84884729 7.39182805 7.75721563]
