Q2F3,y_true,y_pred,y_train
-3.67084517408228,[8.02548831 9.52287875 8.03151705 ... 8.04575749 6.77728353 6.5214359 ],[7.99919163 7.66491923 7.59191973 ... 7.80109984 6.54197752 7.61813253],[6.78493815 7.02684971 7.03120956 ... 7.99265227 6.85525833 6.6925524 ]
