Q2F3,y_true,y_pred,y_train
-7.334274473276132,"[5.72999933 8.69897    6.51570016 7.32790214 8.10237291 5.13667714
 7.7235382  7.33998878 7.94302832 7.62785351 6.82390874 7.06550155
 5.537602   5.95860731 8.39794001 6.07572071 6.54328382 6.6716204
 4.45593196 5.71444269 8.11918641 7.64878473 7.48940535 5.95860731
 6.00877392 6.4828041  6.25181197 9.12493874 5.69897    5.45717457
 5.92081875 6.02687215 6.63827216 8.13667714 5.74472749 6.87614836
 4.7721133  6.09691001 6.74999497 7.26165663 5.92081875 7.25003192
 7.20065945 6.59345982]","[6.07207193 6.11533793 6.67414585 6.59809263 6.32712373 6.22400248
 6.18699677 6.53308067 6.86384859 6.32712373 6.96669911 6.37814405
 5.91289293 6.47313914 6.82898849 6.37828513 6.32712373 6.64737373
 6.18699677 6.18699677 7.13961744 6.36691932 6.46962468 6.62076427
 6.96669911 6.68649323 6.70088737 6.47231586 5.84046778 6.50074437
 6.97266669 6.15816832 6.79723373 6.46962468 6.75501516 6.63067531
 6.22400248 6.11459722 6.82801298 6.22400248 6.21932792 6.0069727
 6.22400248 6.62222488]","[6.53264272 6.67390419 6.06628266 6.4916528  6.60584496 6.18699677
 6.58352367 6.32079614 6.66999543 6.31925004 7.03035564 5.84316696
 6.22400248 5.84046778 6.17133389 6.37437719 6.59809263 5.91289293
 6.70088737 6.01018308 6.50934926 6.71338622 5.91289293 6.32712373
 6.90939564 6.50554728 6.18699677 5.84244917 6.82966113 6.53308067
 6.32712373 6.74728567 6.18699677 7.21147388 6.36691932 6.54041738
 6.18699677 6.59214836 6.10602574 5.90771074 6.47313914 6.74600292
 5.84046778 6.74041619 5.83429368 5.84615485 6.66262232 6.8830572
 5.84316696 5.84316696 6.36691932 6.42994343 6.47313914 6.64669882
 6.32234268 6.10602574 6.07122169 6.31925004 6.99654973 6.57472697
 6.76458312 6.18699677 6.07725412 6.65123018 6.93110515 5.84244917
 7.08371855 6.22400248 6.37437719 6.75292506 6.22400248 6.90739854
 5.84244917 5.85431035 5.84316696 6.50721577 6.37828513 6.51427939
 6.49730489 7.04353975 6.18699677 6.18699677 6.01018308 6.80766311
 5.93236421 6.49141115 5.85431035 5.84316696]"
