Q2F3,y_true,y_pred,y_train
0.4774254863712294,[8.02548831 9.52287875 8.03151705 ... 8.04575749 6.77728353 6.5214359 ],[8.74712332 9.89067613 7.8242953  ... 8.10770786 6.16649243 6.39923607],[6.33924292 5.62771049 6.66632677 ... 9.46666915 7.26620096 7.14530077]
