Q2F3,y_true,y_pred,y_train
-1.1496219580891291,"[5.72999933 8.69897    6.51570016 7.32790214 8.10237291 5.13667714
 7.7235382  7.33998878 7.94302832 7.62785351 6.82390874 7.06550155
 5.537602   5.95860731 8.39794001 6.07572071 6.54328382 6.6716204
 4.45593196 5.71444269 8.11918641 7.64878473 7.48940535 5.95860731
 6.00877392 6.4828041  6.25181197 9.12493874 5.69897    5.45717457
 5.92081875 6.02687215 6.63827216 8.13667714 5.74472749 6.87614836
 4.7721133  6.09691001 6.74999497 7.26165663 5.92081875 7.25003192
 7.20065945 6.59345982]","[6.02174906 7.24086746 7.64001673 7.30467082 5.92672594 5.893673
 5.77320685 6.23581898 6.97336652 6.51379212 6.89564351 7.64001673
 5.70559256 5.71896719 7.60832406 5.91291566 6.22027591 6.97336652
 5.77320685 5.92672594 7.37697802 7.2657612  7.00040621 7.27046597
 6.67703034 7.37697802 6.46601302 7.16260212 5.70559256 5.893673
 7.18675616 5.8024469  6.77285545 7.64001673 6.24991879 7.36967051
 6.53943065 5.8396493  6.1316105  5.93668183 5.81886924 6.29636823
 6.48909044 6.97336652]","[7.7511812  6.73209041 7.37697802 6.50121551 5.94145211 6.41612179
 7.36967051 6.97428683 7.7511812  5.82150872 7.16462731 6.33535251
 6.46381884 6.73209041 6.50121551 6.50121551 6.97428683 5.74644488
 7.16462731 7.64001673 7.16462731 6.97336652 5.71479148 6.48270896
 7.64001673 5.58631089 6.41612179 5.70860281 5.85954699 7.16462731
 6.53943065 6.4326932  6.48909044 7.16462731 5.87582461 5.92672594
 5.77320685 5.82150872 6.33535251 5.72187019 6.23581898 6.95229141
 5.8024469  7.16462731 6.69011678 6.14197488 7.29796748 6.24991879
 5.70860281 5.70860281 7.64001673 6.50121551 6.9167467  7.16462731
 6.60100916 5.70860281 6.50121551 5.82150872 7.64001673 7.16260212
 6.50121551 5.77320685 5.9644535  6.95229141 7.37697802 5.70559256
 6.66714153 6.03120372 5.9644535  6.79447712 6.51379212 7.16950022
 5.83162159 5.8024469  6.46978424 5.61526622 5.58631089 6.26835399
 5.61526622 7.18675616 5.92672594 5.98258239 6.46381884 6.03174893
 5.87582461 5.70860281 6.4326932  5.70860281 6.33535251]"
