Q2F3,y_true,y_pred,y_train
-0.9599943507130659,[8.02548831 9.52287875 8.03151705 ... 8.04575749 6.77728353 6.5214359 ],[7.89958219 9.12188043 6.88667797 ... 8.30611188 6.41541571 7.43007165],[6.77547091 5.7456325  6.71152673 ... 8.06494029 7.2995305  6.05650979]
