Q2F3,y_true,y_pred,y_train
-0.23285545861622192,"[5.72999933 8.69897    6.51570016 7.32790214 8.10237291 5.13667714
 7.7235382  7.33998878 7.94302832 7.62785351 6.82390874 7.06550155
 5.537602   5.95860731 8.39794001 6.07572071 6.54328382 6.6716204
 4.45593196 5.71444269 8.11918641 7.64878473 7.48940535 5.95860731
 6.00877392 6.4828041  6.25181197 9.12493874 5.69897    5.45717457
 5.92081875 6.02687215 6.63827216 8.13667714 5.74472749 6.87614836
 4.7721133  6.09691001 6.74999497 7.26165663 5.92081875 7.25003192
 7.20065945 6.59345982]","[6.61828949 6.83962419 7.83695264 7.53789375 7.19639697 5.89056912
 5.55964959 6.37380247 7.23491799 7.47850772 5.89836975 7.83695264
 5.72755345 5.87265507 6.961131   6.82984633 6.87893949 7.23491799
 5.91997205 5.56363905 7.22366388 7.07258536 7.11422997 7.23247392
 6.26924946 7.22366388 6.75298934 8.08888238 5.77245621 5.89056912
 6.00560419 6.14259968 6.59269155 7.83695264 5.83101996 7.75260531
 6.72697345 5.84566893 6.43486117 6.7189559  6.28776694 6.54861609
 6.85776817 7.59860507]","[6.73203142 6.10379912 7.22366388 6.18274874 6.35595625 6.95770445
 7.87030926 7.09756561 7.2682322  5.57655425 7.37083914 6.26356199
 5.11492791 6.45296382 6.66414835 6.48922979 5.61294922 6.10776149
 7.37083914 7.83695264 7.37083914 7.59860507 5.81510566 6.7819653
 7.83695264 5.63169698 5.92216137 5.96898815 6.97115597 6.28977397
 6.58919224 7.16978301 6.48580526 7.37083914 5.75450724 7.52564523
 6.33578395 5.57655425 5.85579323 5.70682752 6.37380247 7.34142961
 5.95743543 7.37083914 5.5764093  6.83449691 6.66592382 5.85421076
 5.96898815 5.49821077 7.88348026 6.66414835 5.45214804 7.37083914
 5.78488136 5.96898815 6.71569119 5.57655425 7.83695264 8.08888238
 6.66414835 5.26268998 6.00114521 7.34142961 7.67482412 5.77245621
 7.06984496 6.66992274 5.80371034 7.39330932 7.47850772 7.55782343
 5.9363382  5.95743543 6.01049427 5.98326736 5.33222872 5.73534194
 5.53084892 6.00560419 5.36771244 6.9792771  6.97454854 5.8758395
 6.56399942 5.81013427 7.25116323 5.4081656  6.03966903]"
