Q2F3,y_true,y_pred,y_train
-0.13019729990969853,"[5.72999933 8.69897    6.51570016 7.32790214 8.10237291 5.13667714
 7.7235382  7.33998878 7.94302832 7.62785351 6.82390874 7.06550155
 5.537602   5.95860731 8.39794001 6.07572071 6.54328382 6.6716204
 4.45593196 5.71444269 8.11918641 7.64878473 7.48940535 5.95860731
 6.00877392 6.4828041  6.25181197 9.12493874 5.69897    5.45717457
 5.92081875 6.02687215 6.63827216 8.13667714 5.74472749 6.87614836
 4.7721133  6.09691001 6.74999497 7.26165663 5.92081875 7.25003192
 7.20065945 6.59345982]","[6.4427405  6.23011034 7.37835765 7.92062934 5.83511311 5.54929334
 6.10958363 6.3178668  7.86597117 7.77857155 5.84853248 7.28652584
 6.10757385 6.20877579 5.94436331 5.73539357 7.78083798 7.9417356
 5.92830578 5.7186437  7.87856479 7.72733107 7.69090354 6.3312796
 5.75454102 7.73325514 5.99882572 8.00454828 5.87705384 5.40682097
 5.81994194 6.16985583 5.99615475 7.64446933 5.47099272 7.97926776
 5.84449194 5.66467272 6.65233052 6.81893425 6.06264131 6.52986743
 7.17269417 7.78124323]","[6.44506336 6.01123998 7.15045494 5.88043799 5.89979208 7.18590348
 7.81137344 7.19325736 7.39882574 5.48888285 6.66326062 5.9617239
 4.83155227 6.42682157 6.3932045  6.37443488 5.59360636 5.94581276
 7.79269524 7.37855126 8.06280583 7.85263074 5.81827438 7.1807514
 7.90915097 5.33822313 5.6635082  5.77390927 7.10753306 6.06687491
 6.3235341  7.48311454 6.58188216 7.38349048 5.63071534 7.51981774
 6.83052324 5.48888285 5.74810161 5.85648886 6.26044806 7.67969258
 5.87611546 8.11822357 5.52640509 6.73190848 6.62623899 5.85333676
 5.91837569 5.72716833 7.85360352 6.57625537 5.40345238 7.13140222
 5.5471536  5.69678257 6.67707342 5.48888285 8.1933946  8.00454828
 6.66973786 5.33974937 5.95041413 7.49909451 7.75701529 5.76187277
 6.82689878 7.33298762 5.8581962  7.70624239 7.77857155 7.73143748
 5.92280374 5.92609154 5.92896    5.62607358 5.02957263 5.55215482
 5.49147582 5.95812545 5.7408833  6.72772329 7.46396052 5.93460084
 6.13339085 5.81393862 7.61119928 5.42603197 6.06884126]"
