Q2F3,y_true,y_pred,y_train
-0.8793147660287348,"[5.72999933 8.69897    6.51570016 7.32790214 8.10237291 5.13667714
 7.7235382  7.33998878 7.94302832 7.62785351 6.82390874 7.06550155
 5.537602   5.95860731 8.39794001 6.07572071 6.54328382 6.6716204
 4.45593196 5.71444269 8.11918641 7.64878473 7.48940535 5.95860731
 6.00877392 6.4828041  6.25181197 9.12493874 5.69897    5.45717457
 5.92081875 6.02687215 6.63827216 8.13667714 5.74472749 6.87614836
 4.7721133  6.09691001 6.74999497 7.26165663 5.92081875 7.25003192
 7.20065945 6.59345982]","[6.55229682 6.45200621 7.52560879 7.52560879 7.31318732 5.55724519
 6.85662534 6.58881637 6.40033423 7.46554138 5.91295546 7.52560879
 5.96785511 6.04959657 5.72228569 6.6733069  6.63340458 6.40033423
 6.96095278 6.21914329 7.40725225 5.79485033 6.0819105  6.45200621
 6.20378048 7.40725225 6.65919115 8.30327976 6.36241867 5.55724519
 5.94591819 6.45200621 5.91295546 7.52560879 5.91295546 7.85943186
 7.02430854 5.66912171 6.64911926 5.63243134 6.66197581 6.58881637
 5.66676836 7.19674444]","[6.53946005 6.01677316 7.40725225 6.04896277 6.33982457 6.94865248
 7.85943186 7.85943186 7.52560879 5.55724519 7.52560879 6.04959657
 5.11219045 6.40844981 6.58881637 6.58881637 5.77021595 6.04959657
 7.47681838 7.52560879 7.52560879 7.19674444 6.66762137 7.12876197
 7.52560879 5.44585176 5.57404043 5.66912171 6.9553359  6.12537336
 6.47166351 7.02619761 5.64108908 7.47681838 5.52099865 7.52833208
 6.49867844 5.55724519 5.91528079 5.70058504 6.58881637 7.40725225
 6.45200621 7.47681838 5.72685881 6.92501812 6.56058568 5.91295546
 5.66912171 5.66912171 7.85943186 6.58881637 5.44585176 7.47681838
 6.19226354 5.66912171 6.58881637 5.55724519 7.52560879 8.30327976
 6.58881637 5.15683516 6.14800405 7.40725225 7.40725225 6.36241867
 6.66762137 7.13704447 6.02554871 6.97946476 7.46554138 7.28074766
 5.91528079 6.45200621 6.0622713  5.64338238 5.3853592  5.45983633
 5.47248781 5.94591819 5.64108908 6.7662519  6.82696783 6.20178855
 6.58311056 5.96785511 6.45200621 5.66912171 5.91528079]"
