Q2F3,y_true,y_pred,y_train
0.39967788083422573,[8.02548831 9.52287875 8.03151705 ... 8.04575749 6.77728353 6.5214359 ],[8.10068546 8.81191887 7.46385676 ... 8.66040281 6.41565146 6.41524456],[6.26498985 5.21951638 6.65223895 ... 9.42703231 7.1926489  5.88090057]
