Q2F3,y_true,y_pred,y_train
-0.9706143144437263,"[5.72999933 8.69897    6.51570016 7.32790214 8.10237291 5.13667714
 7.7235382  7.33998878 7.94302832 7.62785351 6.82390874 7.06550155
 5.537602   5.95860731 8.39794001 6.07572071 6.54328382 6.6716204
 4.45593196 5.71444269 8.11918641 7.64878473 7.48940535 5.95860731
 6.00877392 6.4828041  6.25181197 9.12493874 5.69897    5.45717457
 5.92081875 6.02687215 6.63827216 8.13667714 5.74472749 6.87614836
 4.7721133  6.09691001 6.74999497 7.26165663 5.92081875 7.25003192
 7.20065945 6.59345982]","[6.5589755  6.47549309 7.00134904 6.93370371 6.57849377 6.25000863
 6.17830805 6.50918356 7.15739259 6.76454163 6.35774369 7.02753867
 5.92825749 6.10174504 6.19680811 6.3953326  6.18597572 6.37298362
 5.88052173 6.60017063 7.02855775 5.92419487 5.55645698 6.92041886
 6.22461694 7.1966236  6.51364935 7.02810184 6.00882373 6.10072954
 6.37357436 6.0417279  5.96268181 6.53114801 6.16290042 6.74972876
 6.4067811  5.90802977 6.30595223 6.64510308 6.21743934 5.97758005
 7.08132365 6.61508674]","[6.51022417 6.0370674  6.92870937 6.05567762 6.10629303 6.92154673
 7.60878922 7.31604585 7.29701782 5.36641844 6.40346342 6.02893503
 5.18502754 6.52529512 6.36250372 6.54548782 5.68597914 6.02267385
 7.59866369 7.12443247 7.49214895 7.53067091 5.8704132  6.74126966
 7.70016097 5.83436714 5.86596648 5.88411084 6.91589775 6.14882445
 6.53889795 6.94892101 6.54811236 7.08321442 5.64991949 7.57127777
 6.56530904 5.93521198 5.77690221 5.92066818 6.23515597 7.55236822
 5.9869003  8.0418234  5.88455814 6.74070668 6.91341256 6.05600462
 5.98546335 5.44531275 7.56392253 6.85724605 5.53446939 6.24954748
 5.7747548  6.02061218 6.62960714 6.52512999 7.55822586 8.17370248
 7.01402566 5.31263998 6.09001865 7.29686255 7.61949963 5.85265166
 6.96248852 7.04622311 6.10209288 7.28111304 7.32135543 7.59605207
 5.9722218  5.96351114 6.11999019 6.07788582 5.47787944 5.80397588
 5.71601611 6.38385984 5.20511529 7.08108793 6.12752496 6.31693141
 5.90702449 7.12884811 5.3581454  6.20697862]"
