Q2F3,y_true,y_pred,y_train
0.21931208946862868,[8.02548831 9.52287875 8.03151705 ... 8.04575749 6.77728353 6.5214359 ],[7.28761876 9.25718    7.38251715 ... 7.84767171 5.959599   6.44284039],[6.46545024 5.47610255 6.8401314  ... 9.31119295 7.49332376 5.72243396]
