Q2F3,y_true,y_pred,y_train
-0.3055138339482619,"[5.72999933 8.69897    6.51570016 7.32790214 8.10237291 5.13667714
 7.7235382  7.33998878 7.94302832 7.62785351 6.82390874 7.06550155
 5.537602   5.95860731 8.39794001 6.07572071 6.54328382 6.6716204
 4.45593196 5.71444269 8.11918641 7.64878473 7.48940535 5.95860731
 6.00877392 6.4828041  6.25181197 9.12493874 5.69897    5.45717457
 5.92081875 6.02687215 6.63827216 8.13667714 5.74472749 6.87614836
 4.7721133  6.09691001 6.74999497 7.26165663 5.92081875 7.25003192
 7.20065945 6.59345982]","[6.02464743 6.26792358 7.52525152 7.874371   7.50460143 6.57739096
 6.36497632 6.31939087 7.59051134 7.76998452 6.23878854 7.74223654
 5.70323715 5.93695712 6.15467247 5.74021106 7.72787059 7.56205355
 7.30977843 7.62146951 7.72808823 7.41127886 7.71970269 6.48110799
 5.92518582 7.61938281 5.92927833 8.00589643 5.84287388 6.31813232
 5.6990174  7.34423944 6.06890359 7.45458073 5.89982324 7.80194202
 5.89169545 5.86928601 6.81129452 6.3688054  6.12125164 6.57932322
 6.90860852 7.61143627]","[6.40973361 5.94845339 7.06765889 5.97054491 5.90487721 7.01376257
 7.79541466 7.1868055  7.45458073 5.58619883 6.86195236 5.94845339
 4.77772978 6.36110188 6.66619113 6.49779634 5.57214031 5.97363895
 7.82243627 7.39383688 7.91492298 7.80320856 5.82359076 7.32878908
 7.82707405 5.41220111 5.62712485 5.95530223 6.8293503  6.19227197
 6.39928783 7.34453218 6.42006413 7.44833222 5.55285842 7.50460143
 6.59504152 5.58619883 5.76377122 5.72212526 6.36473169 7.7236678
 5.99057531 8.19175262 5.64085317 6.76531625 6.53375218 5.93153613
 5.95530223 5.45996888 7.9544845  6.71719547 5.3912473  6.94869817
 5.49672655 5.95530223 6.66903084 5.58619883 8.02382309 8.00589643
 6.81694002 5.16935338 6.01730534 7.42560803 7.72808823 5.80558366
 7.08006823 7.28156389 5.72039521 7.76998452 7.76998452 7.71870122
 5.9184578  6.03590327 5.9130758  5.69594162 5.40274196 5.47652483
 5.47928054 6.39802066 4.72517595 6.7335729  7.23349201 5.78215123
 6.12975897 5.77200488 7.37146205 5.37520377 5.90661422]"
