Q2F3,y_true,y_pred,y_train
0.17040671324197632,[8.02548831 9.52287875 8.03151705 ... 8.04575749 6.77728353 6.5214359 ],[8.02623647 9.48981395 6.57796423 ... 7.98691583 6.68846222 6.41650236],[6.41132116 5.46551064 6.86350487 ... 9.24608223 7.20379538 5.68891759]
