Q2F3,y_true,y_pred,y_train
-0.5607775412382838,[8.02548831 9.52287875 8.03151705 ... 8.04575749 6.77728353 6.5214359 ],[7.79493628 7.79263763 6.95809871 ... 8.01806753 7.52872173 6.67737033],[6.80930709 5.53603531 6.85358156 ... 9.20290765 7.32917269 5.86746217]
