Q2F3,y_true,y_pred,y_train
0.5606607730385178,[8.02548831 9.52287875 8.03151705 ... 8.04575749 6.77728353 6.5214359 ],[8.59571604 8.71495021 7.99323578 ... 8.16891475 6.60865746 6.52506019],[6.3386604  4.80823625 6.79320856 ... 9.3279923  7.29815825 5.74934838]
