Q2F3,y_true,y_pred,y_train
-0.8687575581016951,"[5.72999933 8.69897    6.51570016 7.32790214 8.10237291 5.13667714
 7.7235382  7.33998878 7.94302832 7.62785351 6.82390874 7.06550155
 5.537602   5.95860731 8.39794001 6.07572071 6.54328382 6.6716204
 4.45593196 5.71444269 8.11918641 7.64878473 7.48940535 5.95860731
 6.00877392 6.4828041  6.25181197 9.12493874 5.69897    5.45717457
 5.92081875 6.02687215 6.63827216 8.13667714 5.74472749 6.87614836
 4.7721133  6.09691001 6.74999497 7.26165663 5.92081875 7.25003192
 7.20065945 6.59345982]","[6.30648193 6.50676888 7.09079188 7.34089906 6.55032739 5.95776035
 6.01175903 6.39419742 7.74146545 7.19446112 5.9227992  7.57182797
 5.79507412 5.90904154 6.71190605 5.86141939 7.03450977 7.63992535
 6.42831283 6.97647824 7.6022553  6.96724952 7.13452586 6.52654005
 6.44266175 7.54667175 6.42480232 6.26796507 5.87663493 5.58922309
 5.94291284 6.30358077 7.06523649 7.48703378 6.04521258 7.02707566
 6.43937027 5.87583064 6.61576758 6.48125812 5.97129247 6.44382731
 6.75882175 7.33760826]","[6.78554919 5.92176438 7.0346449  6.05843728 6.06762855 6.68480242
 7.27001138 7.42277523 7.48703378 5.91818014 7.1403443  5.92176438
 4.90687465 6.0010227  6.74149647 6.4591775  6.45536934 5.85270479
 7.44860526 7.48023671 7.59331527 7.49767575 5.8993374  7.09153034
 7.15308638 5.34417424 6.43104937 5.87619376 6.48577829 6.02089401
 6.5072787  7.27026693 6.41401602 7.21922899 6.47923591 6.55032739
 6.74804752 5.91818014 5.85289299 5.7880478  6.42199397 7.73831944
 6.00681526 7.57537906 5.87439922 6.48342516 6.66958119 5.98547261
 5.87619376 5.75097373 7.05475678 6.43964652 5.82758309 7.06217626
 5.86724171 5.87619376 6.47531182 5.91818014 7.65580695 6.26796507
 6.7948075  5.22104068 5.93523765 7.32064199 7.6022553  5.85690884
 7.14439446 7.17363164 5.80538336 7.19446112 7.19446112 7.43202396
 5.88440971 5.98585225 5.85816483 5.69777179 5.22634756 5.63300829
 5.80183194 5.97605222 4.84088637 6.99686315 6.80242661 6.16959459
 6.54352729 5.81272637 7.36759578 5.80286788 5.8957358 ]"
