Q2F3,y_true,y_pred,y_train
-12.628745046768381,[8.02548831 9.52287875 8.03151705 ... 8.04575749 6.77728353 6.5214359 ],[7.43485145 6.8578434  7.33354825 ... 6.87528226 7.38718946 7.63964841],[7.43999506 7.5442435  6.67204838 ... 7.35874347 6.84470654 7.02308673]
