Q2F3,y_true,y_pred,y_train
0.49695977435600314,[8.02548831 9.52287875 8.03151705 ... 8.04575749 6.77728353 6.5214359 ],[8.23745863 8.47232526 7.84929547 ... 8.38519539 6.60038389 6.44571219],[6.21861988 6.32240933 6.85982059 ... 9.58396021 7.23997174 6.38515172]
