Q2F3,y_true,y_pred,y_train
-11.926375751669433,[8.02548831 9.52287875 8.03151705 ... 8.04575749 6.77728353 6.5214359 ],[7.40248015 6.91715611 7.34069732 ... 6.92839782 7.35632007 7.58147797],[7.43138637 7.49680121 6.73497893 ... 7.1970352  6.83400475 6.92406752]
