Q2F3,y_true,y_pred,y_train
-1.3276155716150195,[8.02548831 9.52287875 8.03151705 ... 8.04575749 6.77728353 6.5214359 ],[7.97219734 7.99689815 6.95582443 ... 8.07629424 6.82012336 6.72386151],[6.54772072 6.31210505 7.13837349 ... 8.81071233 7.0090855  6.62088595]
