Q2F3,y_true,y_pred,y_train
-26.15659809510957,"[5.72999933 8.69897    6.51570016 7.32790214 8.10237291 5.13667714
 7.7235382  7.33998878 7.94302832 7.62785351 6.82390874 7.06550155
 5.537602   5.95860731 8.39794001 6.07572071 6.54328382 6.6716204
 4.45593196 5.71444269 8.11918641 7.64878473 7.48940535 5.95860731
 6.00877392 6.4828041  6.25181197 9.12493874 5.69897    5.45717457
 5.92081875 6.02687215 6.63827216 8.13667714 5.74472749 6.87614836
 4.7721133  6.09691001 6.74999497 7.26165663 5.92081875 7.25003192
 7.20065945 6.59345982]","[6.09262483 6.24382684 6.37881178 6.29774211 6.65752516 6.4752199
 6.58822852 6.08034723 6.26935749 6.43936645 6.39310408 6.37881178
 5.9854193  6.05835659 6.35812496 6.47868281 6.51651888 6.26935749
 6.60256022 6.67681366 6.34405083 6.34363881 6.34883298 6.26669397
 6.46261401 6.34405083 6.47728615 6.44805794 5.98584341 6.4752199
 6.41201911 6.03221752 6.38177275 6.37881178 6.45165943 6.33452975
 6.56885177 6.10056379 6.075012   6.52637797 6.09500597 6.09035752
 6.5496523  6.259651  ]","[6.38350937 6.18776355 6.34405083 6.13616283 6.46382878 6.54500553
 6.33407505 6.31683899 6.38367889 6.48017048 6.41192697 6.13508002
 6.59689727 6.19238961 6.15425165 6.14920727 6.32136125 5.97206189
 6.41192697 6.37881178 6.41192697 6.259651   5.94521268 6.53565755
 6.37881178 6.48720888 6.58237258 6.03620546 6.48831004 6.41177927
 6.5626594  6.18117053 6.52350336 6.41192697 6.50576786 6.65707461
 6.61794562 6.48017048 6.14123543 5.9443768  6.08034723 6.30689735
 6.04931628 6.41192697 6.2619133  6.05720701 6.29392562 6.45150764
 6.03620546 6.04122637 6.36938267 6.15425165 6.21388872 6.41192697
 6.29931217 6.03620546 6.09758626 6.48017048 6.37881178 6.44805794
 6.15425165 6.58255973 5.89996834 6.30689735 6.34922372 5.98584341
 6.24017058 6.53889768 5.82191632 6.25644472 6.43936645 6.26711249
 6.07716839 6.04931628 6.16835493 6.50517465 6.4867572  6.52947376
 6.504727   6.41201911 6.62872046 6.99692606 6.58845723 6.0553454
 6.50529426 6.02661268 6.17144243 6.03091353 6.11774481]"
