Q2F3,y_true,y_pred,y_train
-10.820094945037752,[8.02548831 9.52287875 8.03151705 ... 8.04575749 6.77728353 6.5214359 ],[7.6932626  6.89110249 7.33960285 ... 6.90025492 7.46708538 7.37559477],[7.6220691  7.69222391 6.70820897 ... 7.52696523 6.73282312 7.204733  ]
