Q2F3,y_true,y_pred,y_train
-2.1152506161186926,"[5.72999933 8.69897    6.51570016 7.32790214 8.10237291 5.13667714
 7.7235382  7.33998878 7.94302832 7.62785351 6.82390874 7.06550155
 5.537602   5.95860731 8.39794001 6.07572071 6.54328382 6.6716204
 4.45593196 5.71444269 8.11918641 7.64878473 7.48940535 5.95860731
 6.00877392 6.4828041  6.25181197 9.12493874 5.69897    5.45717457
 5.92081875 6.02687215 6.63827216 8.13667714 5.74472749 6.87614836
 4.7721133  6.09691001 6.74999497 7.26165663 5.92081875 7.25003192
 7.20065945 6.59345982]","[7.02964838 7.04009312 7.20124799 7.20124799 6.58751724 5.69577022
 6.74440832 6.48983275 6.33624588 7.00053618 5.99258638 7.20124799
 6.03038054 6.41944983 6.54128998 5.96436337 6.69872288 6.33624588
 5.80106715 6.67702911 7.14873154 6.16695242 6.90383909 7.04009312
 6.70650058 7.14873154 6.77981137 7.00992716 6.43182656 5.69577022
 5.97564048 7.04009312 5.99258638 7.20124799 5.99258638 7.31656153
 5.98959651 5.93133011 6.97068341 6.20760393 6.13976168 6.48983275
 6.33253385 6.47090297]","[6.57415818 6.63957064 7.14873154 6.34525725 6.10006953 6.94681449
 7.31656153 7.31656153 7.20124799 5.69577022 7.20124799 6.41944983
 6.05560879 6.03746791 6.48983275 6.48983275 6.92052696 6.41944983
 7.24453615 7.20124799 7.20124799 6.47090297 6.10619109 7.11092157
 7.20124799 6.01635947 6.14616359 5.93133011 6.24978068 6.02075506
 6.791969   6.47756388 6.21393911 7.24453615 6.44912878 6.54552424
 6.40692804 5.69577022 5.93927424 5.69931298 6.48983275 7.14873154
 7.04009312 7.24453615 6.11180071 7.03893872 6.66993476 5.99258638
 5.93133011 5.93133011 7.31656153 6.48983275 6.01635947 7.24453615
 6.51366799 5.93133011 6.48983275 5.69577022 7.20124799 7.00992716
 6.48983275 5.6433881  6.05259219 7.14873154 7.14873154 6.43182656
 6.10619109 6.98935987 6.92056895 6.74588122 7.00053618 6.99295952
 5.93927424 7.04009312 6.05614934 5.66743654 6.06930038 5.53173463
 5.6751613  5.97564048 6.21393911 6.33563137 6.7389712  7.04525172
 6.61031941 6.03038054 7.04009312 5.93133011 5.93927424]"
