Q2F3,y_true,y_pred,y_train
-13.198888864477945,"[5.72999933 8.69897    6.51570016 7.32790214 8.10237291 5.13667714
 7.7235382  7.33998878 7.94302832 7.62785351 6.82390874 7.06550155
 5.537602   5.95860731 8.39794001 6.07572071 6.54328382 6.6716204
 4.45593196 5.71444269 8.11918641 7.64878473 7.48940535 5.95860731
 6.00877392 6.4828041  6.25181197 9.12493874 5.69897    5.45717457
 5.92081875 6.02687215 6.63827216 8.13667714 5.74472749 6.87614836
 4.7721133  6.09691001 6.74999497 7.26165663 5.92081875 7.25003192
 7.20065945 6.59345982]","[6.07735937 6.2022343  6.52869036 6.60993835 6.61856767 6.60158755
 6.56747776 6.3457622  6.51688016 6.62230715 6.5837709  6.62408709
 5.88799159 6.40325485 6.6462178  6.65106566 6.61517058 6.62436418
 6.54483374 6.47281701 6.6979844  6.63622366 6.62570169 6.39670876
 6.57039265 6.603726   6.71247358 6.48026339 5.91614349 6.65227596
 6.51332434 6.20055634 6.59829975 6.62389561 6.60114515 6.44978577
 6.55572114 6.18352834 6.46937088 6.6074681  6.24247029 5.97864091
 6.61249767 6.59803622]","[6.53814601 6.42369189 6.30472599 6.48789326 6.6538605  6.58988966
 6.64766995 6.61372432 6.72684895 6.62833949 6.77155352 5.94396119
 6.59838938 5.95532819 6.23747668 6.2636932  6.60439284 5.91170324
 6.76764911 6.2180833  6.67278125 6.53764242 5.97821287 6.59815211
 6.56235647 6.64542505 6.55921171 6.00728602 6.7000844  6.37722177
 6.60548509 6.48118278 6.59470712 6.78554379 6.62371494 6.72926213
 6.54751206 6.65375059 6.12737286 5.92957155 6.42968996 6.5735997
 5.89141264 6.5934474  6.02672796 6.01578705 6.6787267  6.59862761
 5.95597836 5.95807515 6.61952196 6.1768411  6.33692909 6.64977592
 6.3462044  6.17187056 6.09370656 6.62854599 6.61169256 6.46036313
 6.43045968 6.5245358  6.10015013 6.56280837 6.76210923 6.02515692
 6.54886231 6.60303807 6.30495805 6.58095019 6.62570666 6.57205665
 6.02671003 5.93884508 5.89339768 6.70851384 6.63424141 6.67716099
 6.66995346 6.70346633 6.5923487  6.59200641 6.23833468 6.57889984
 5.94148599 6.45751012 5.97008735 5.97213086]"
