Q2F3,y_true,y_pred,y_train
-0.2348214205836756,"[5.72999933 8.69897    6.51570016 7.32790214 8.10237291 5.13667714
 7.7235382  7.33998878 7.94302832 7.62785351 6.82390874 7.06550155
 5.537602   5.95860731 8.39794001 6.07572071 6.54328382 6.6716204
 4.45593196 5.71444269 8.11918641 7.64878473 7.48940535 5.95860731
 6.00877392 6.4828041  6.25181197 9.12493874 5.69897    5.45717457
 5.92081875 6.02687215 6.63827216 8.13667714 5.74472749 6.87614836
 4.7721133  6.09691001 6.74999497 7.26165663 5.92081875 7.25003192
 7.20065945 6.59345982]","[6.41523334 6.37959205 7.60279968 8.02884245 6.6886017  6.14813861
 6.3239841  6.33118075 7.66677867 7.73247517 5.95582011 7.56350049
 5.90568699 6.09569555 6.28754873 5.86117804 7.48889806 7.63261645
 6.32824546 6.31922773 7.77025753 7.57784292 7.50464083 6.29452646
 6.16321607 7.50317775 6.28986851 7.16478063 5.78061666 6.06233711
 5.99094367 6.16902712 6.27806319 7.65517025 5.95006586 7.71596889
 6.17224841 5.6522779  6.50727824 6.72685602 6.03880209 6.46634592
 7.21894808 7.60909481]","[6.66824466 6.02081951 7.53302595 5.96401502 6.09960368 7.14388885
 7.93152818 7.30933342 7.43213122 5.89570511 7.62455762 5.98576905
 5.11570884 6.26974221 6.46551876 6.40968754 5.67292654 6.00520647
 7.69744398 7.37561294 7.68177952 7.75261393 5.83304126 7.00506339
 7.75361246 5.48503724 6.14843187 5.79985389 6.68320475 6.06567169
 6.45670063 7.38813237 6.41422107 7.61949101 5.77653305 6.82519118
 6.748321   5.89570511 5.74640249 5.82126469 6.32940675 7.59678936
 5.98613807 7.93901848 5.48509293 6.51361754 6.66918632 5.95392847
 5.76045569 5.45759076 7.77159011 6.76000084 5.35957385 7.44430143
 5.4876952  5.93184347 6.617781   5.89570511 8.05517119 7.16478063
 6.66001134 5.58852203 5.90014302 7.43773072 7.55178727 5.86694065
 6.99850796 7.25599776 5.75403916 7.59175577 7.73247517 7.75414077
 5.8583723  5.98565557 6.00146098 5.76930217 5.20157043 5.65870483
 5.7071947  5.97562587 5.31033833 6.99712255 7.31173    5.8198348
 6.34322942 5.82696214 7.50215787 5.44098338 6.09249777]"
