model,chem,descriptor,r2_value,rmsep,q2
knn,224,WHIM,[-0.02559653897910885],[1.173080142735247],[-1.0822953693391177]
