model,chem,descriptor,r2_value,RMSEP,Q2F3
knn,224,CATS,[0.5569242415904707],[0.8239185030342911],[0.24072430975825043]
