model,chem,descriptor,r2_value,RMSEP,Q2F3
knn,239,Druglike,[-0.6565804558752188],[0.9577662641030293],[-1.4292868649379407]
