model,chem,descriptor,mean_squared_error_score,variance_score,max_error_score,r2_value,rmsep,q2
knn,4005,MorganFP,[1.274587492394378],[0.009786050584070338],[2.816595465188077],[-0.009925529886411377],[1.128976302848903],[-1.0449957185675198]
