model,chem,descriptor,r2_value,rmsep,q2
knn,239,CATS,[0.12494873572203269],[0.9757701434559362],[-0.6946853129765731]
