model,chem,descriptor,r2_value,rmsep,q2
knn,239,WHIM,[-0.1561016670261619],[1.1215762153312272],[-1.2077509749611361]
