mean_squared_error_score,variance_score,max_error_score,r2_value,rmsep
1.1618175338571688,0.08114905835784192,3.299392808838407,0.07942828914174549,1.0778764000835943
