model,chem,descriptor,r2_value,RMSEP,Q2F3
knn,4005,CDKmolprop,[0.28041515475095324],[0.8310689738376351],[-0.0425431920606425]
