model,chem,descriptor,r2_value,rmsep,q2
knn,239,constitutional,[0.20479037848064774],[0.9301898369891209],[-0.540058418678451]
