,mean_squared_error_score,variance_score,max_error_score,r2_value,rmsep
0,0.7129132246617372,0.355804698327461,4.417631074016446,0.3524870575471057,0.1332799006103082
0,0.6324075132360324,0.428460491280018,3.552601672150356,0.425607443431735,0.1250745175098014
0,0.6350920483456107,0.430862307382029,4.241058399807118,0.4231691786222332,0.1237040943754555
