model,chem,descriptor,r2_value,RMSEP,Q2F3
rf,239,CATS,[0.8461504988688024],[1.0001993878321673],[-0.3670418911185809]
