model,chem,descriptor,r2_value,RMSEP,Q2F3
rf,239,WHIM,[0.7193294971913864],[1.0347992153978813],[-1.012360279266487]
