model,chem,descriptor,r2_value,RMSEP,Q2F3
rf,239,constitutional,[0.6867349244548449],[0.8775993744659707],[-0.28668884697259145]
