model,chem,descriptor,mean_squared_error_score,variance_score,max_error_score,r2_value,rmsep,q2
rf,224,constitutional,[1.4758577441202674],[-0.10146406692375165],[3.815369837294142],[-0.10230279507955387],[1.214848856492143],[-1.2347408605581642]
