model,chem,descriptor,r2_value,RMSEP,Q2F3
rf,239,Druglike,[0.5701786995844098],[1.0254448166476113],[-0.7698552980981581]
