model,chem,descriptor,r2_value,rmsep,q2
rf,239,MorganFP,[-0.040941096352198114],[1.0642504796252115],[-1.0159591325399546]
