model,chem,descriptor,mean_squared_error_score,variance_score,max_error_score,r2_value,rmsep,q2
rf,4005,Druglike,[1.1648742648919392],[0.07702643855937608],[2.871603961783147],[0.07700627360461543],[1.0792934100104286],[-0.8689677237444777]
