model,chem,descriptor,r2_value,RMSEP,Q2F3
rf,4005,MorganFP,[0.6462478280580766],[0.6681742091057029],[0.6284089158859486]
