model,chem,descriptor,r2_value,RMSEP,Q2F3
rf,4005,CATS,[0.8918084192516975],[0.6950461683937934],[0.42235602249843296]
