model,chem,descriptor,r2_value,RMSEP,Q2F3
rf,4005,constitutional,[0.4607581720364121],[0.8249581869882074],[0.43356544115995144]
