model,chem,descriptor,r2_value,RMSEP,Q2F3
rf,4005,CATS,[0.8906370393020557],[0.6898749070482427],[0.4285509691157082]
