model,chem,descriptor,r2_value,RMSEP,Q2F3
rf,4005,CATS,[0.8864881162816083],[0.6991608036541164],[0.4101162316193955]
