model,chem,descriptor,r2_value,RMSEP,Q2F3
svr,4005,constitutional,[-0.05492779675225967],[0.8661732740998414],[-0.4426046099095311]
