model,chem,descriptor,r2_value,RMSEP,Q2F3
svr,239,WHIM,[-16095743822.972578],[1372488.2880716932],[-15855267586.573742]
