model,chem,descriptor,r2_value,RMSEP,Q2F3
svr,224,MorganFP,[0.7631089277749883],[0.6767813439372171],[0.49695977435600314]
