model,chem,descriptor,r2_value,RMSEP,Q2F3
svr,239,constitutional,[-2173432968.260123],[1369737.522106993],[-2139884707.59802]
