model,chem,descriptor,r2_value,RMSEP,Q2F3
svr,239,MorganFP,[0.2528369082793228],[0.9016510285111232],[0.23316145535373667]
