RMSEP,y_true,y_pred
0.9087803084286591,"[5.72999933 8.69897    6.51570016 7.32790214 8.10237291 5.13667714
 7.7235382  7.33998878 7.94302832 7.62785351 6.82390874 7.06550155
 5.537602   5.95860731 8.39794001 6.07572071 6.54328382 6.6716204
 4.45593196 5.71444269 8.11918641 7.64878473 7.48940535 5.95860731
 6.00877392 6.4828041  6.25181197 9.12493874 5.69897    5.45717457
 5.92081875 6.02687215 6.63827216 8.13667714 5.74472749 6.87614836
 4.7721133  6.09691001 6.74999497 7.26165663 5.92081875 7.25003192
 7.20065945 6.59345982]","[6.02174906 7.24086746 7.64001673 7.30467082 5.92672594 5.893673
 5.77320685 6.23581898 6.97336652 6.51379212 6.89564351 7.64001673
 5.70559256 5.71896719 7.60832406 5.91291566 6.22027591 6.97336652
 5.77320685 5.92672594 7.37697802 7.2657612  7.00040621 7.27046597
 6.67703034 7.37697802 6.46601302 7.16260212 5.70559256 5.893673
 7.18675616 5.8024469  6.77285545 7.64001673 6.24991879 7.36967051
 6.53943065 5.8396493  6.1316105  5.93668183 5.81886924 6.29636823
 6.48909044 6.97336652]"
