RMSEP,y_true,y_pred
1.1189466338105991,[8.02548831 9.52287875 8.03151705 ... 8.04575749 6.77728353 6.5214359 ],[7.16899593 7.69985635 7.70831336 ... 7.6599927  7.68423513 7.44108365]
