RMSEP,y_true,y_pred
1.0493227360308566,"[5.72999933 8.69897    6.51570016 7.32790214 8.10237291 5.13667714
 7.7235382  7.33998878 7.94302832 7.62785351 6.82390874 7.06550155
 5.537602   5.95860731 8.39794001 6.07572071 6.54328382 6.6716204
 4.45593196 5.71444269 8.11918641 7.64878473 7.48940535 5.95860731
 6.00877392 6.4828041  6.25181197 9.12493874 5.69897    5.45717457
 5.92081875 6.02687215 6.63827216 8.13667714 5.74472749 6.87614836
 4.7721133  6.09691001 6.74999497 7.26165663 5.92081875 7.25003192
 7.20065945 6.59345982]","[6.07207193 6.11533793 6.67414585 6.59809263 6.32712373 6.22400248
 6.18699677 6.53308067 6.86384859 6.32712373 6.96669911 6.37814405
 5.91289293 6.47313914 6.82898849 6.37828513 6.32712373 6.64737373
 6.18699677 6.18699677 7.13961744 6.36691932 6.46962468 6.62076427
 6.96669911 6.68649323 6.70088737 6.47231586 5.84046778 6.50074437
 6.97266669 6.15816832 6.79723373 6.46962468 6.75501516 6.63067531
 6.22400248 6.11459722 6.82801298 6.22400248 6.21932792 6.0069727
 6.22400248 6.62222488]"
