RMSEP,y_true,y_pred
1.0928143614022066,[8.02548831 9.52287875 8.03151705 ... 8.04575749 6.77728353 6.5214359 ],[7.29210227 7.94413355 7.18616627 ... 7.72948232 7.18928588 7.398923  ]
