RMSEP,y_true,y_pred
0.7406929555948479,[8.02548831 9.52287875 8.03151705 ... 8.04575749 6.77728353 6.5214359 ],[8.74712332 9.89067613 7.8242953  ... 8.10770786 6.16649243 6.39923607]
