RMSEP,y_true,y_pred
0.9553637665511563,"[5.72999933 8.69897    6.51570016 7.32790214 8.10237291 5.13667714
 7.7235382  7.33998878 7.94302832 7.62785351 6.82390874 7.06550155
 5.537602   5.95860731 8.39794001 6.07572071 6.54328382 6.6716204
 4.45593196 5.71444269 8.11918641 7.64878473 7.48940535 5.95860731
 6.00877392 6.4828041  6.25181197 9.12493874 5.69897    5.45717457
 5.92081875 6.02687215 6.63827216 8.13667714 5.74472749 6.87614836
 4.7721133  6.09691001 6.74999497 7.26165663 5.92081875 7.25003192
 7.20065945 6.59345982]","[6.7308262  6.79378507 7.53404077 7.53404077 6.92802674 5.64193404
 6.64267462 6.60980911 6.76863328 7.31344964 5.7030616  7.53404077
 5.84399296 5.90855025 5.7232741  5.86096678 5.9708256  6.76863328
 5.72218253 6.94217198 7.42517035 5.69939034 7.15755532 6.79378507
 6.27382687 7.42517035 6.59353469 7.31344964 6.76863328 5.64193404
 5.7030616  6.79378507 5.7030616  7.53404077 5.7030616  7.58569265
 5.7030616  5.74748975 6.58431948 6.17046208 6.66036246 6.60980911
 6.09719344 6.76863328]"
