RMSEP,y_true,y_pred
0.9985676028853749,"[5.72999933 8.69897    6.51570016 7.32790214 8.10237291 5.13667714
 7.7235382  7.33998878 7.94302832 7.62785351 6.82390874 7.06550155
 5.537602   5.95860731 8.39794001 6.07572071 6.54328382 6.6716204
 4.45593196 5.71444269 8.11918641 7.64878473 7.48940535 5.95860731
 6.00877392 6.4828041  6.25181197 9.12493874 5.69897    5.45717457
 5.92081875 6.02687215 6.63827216 8.13667714 5.74472749 6.87614836
 4.7721133  6.09691001 6.74999497 7.26165663 5.92081875 7.25003192
 7.20065945 6.59345982]","[6.45249987 6.30497303 7.26009626 7.66553355 7.20225469 5.68183449
 6.34258645 6.30497303 7.61339518 7.46836484 5.492594   7.36465042
 5.7113438  6.10136872 6.3608845  5.72951203 6.960652   7.71455919
 6.88753941 7.11950638 7.71455919 7.53451824 7.46836484 6.12749752
 5.80655339 7.89794425 5.81690156 6.69829893 5.83272845 5.68183449
 5.65255614 5.9034377  7.10402582 7.57002223 5.65255614 7.88841453
 7.07514776 5.91801526 6.43249893 7.27051171 6.09267819 6.61747495
 7.28407111 7.80792356]"
