RMSEP,y_true,y_pred
1.10382623288735,[8.02548831 9.52287875 8.03151705 ... 8.04575749 6.77728353 6.5214359 ],[7.20158567 7.87591987 7.4713103  ... 7.50340227 7.02487597 7.37613448]
