RMSEP,y_true,y_pred
0.8929868580911169,"[5.72999933 8.69897    6.51570016 7.32790214 8.10237291 5.13667714
 7.7235382  7.33998878 7.94302832 7.62785351 6.82390874 7.06550155
 5.537602   5.95860731 8.39794001 6.07572071 6.54328382 6.6716204
 4.45593196 5.71444269 8.11918641 7.64878473 7.48940535 5.95860731
 6.00877392 6.4828041  6.25181197 9.12493874 5.69897    5.45717457
 5.92081875 6.02687215 6.63827216 8.13667714 5.74472749 6.87614836
 4.7721133  6.09691001 6.74999497 7.26165663 5.92081875 7.25003192
 7.20065945 6.59345982]","[6.37607274 6.27924779 7.63963942 7.71907869 6.89295318 5.92695396
 6.78307672 6.37607274 7.74046668 7.38433792 5.78258421 7.53488153
 5.8906417  6.01680489 6.23609902 5.90099023 7.33633739 7.67103919
 6.17564408 5.93155597 7.65075447 7.38433792 7.38433792 6.43547443
 6.11035151 7.57486317 6.16883491 6.79873229 5.86467797 5.78258421
 5.78258421 5.99789926 6.00013556 7.54087874 5.78258421 7.52750159
 6.26953134 5.60050131 6.37607274 7.24596796 5.99789926 6.53033955
 7.24596796 7.58492692]"
