RMSEP,y_true,y_pred
1.0747391011958078,[8.02548831 9.52287875 8.03151705 ... 8.04575749 6.77728353 6.5214359 ],[7.99919163 7.66491923 7.59191973 ... 7.80109984 6.54197752 7.61813253]
