RMSEP,y_true,y_pred
0.8239185030342911,[8.02548831 9.52287875 8.03151705 ... 8.04575749 6.77728353 6.5214359 ],[8.02757672 9.25714392 8.37725138 ... 8.0573459  6.30348    6.54710166]
