RMSEP,y_true,y_pred
0.6802237743185736,[8.02548831 9.52287875 8.03151705 ... 8.04575749 6.77728353 6.5214359 ],[8.59571604 8.71495021 7.99323578 ... 8.16891475 6.60865746 6.52506019]
