RMSEP,y_true,y_pred
0.8458515412698188,[8.02548831 9.52287875 8.03151705 ... 8.04575749 6.77728353 6.5214359 ],[7.28761876 9.25718    7.38251715 ... 7.84767171 5.959599   6.44284039]
