RMSEP,y_true,y_pred
0.7583186963238886,[8.02548831 9.52287875 8.03151705 ... 8.04575749 6.77728353 6.5214359 ],[8.10068546 8.81191887 7.46385676 ... 8.66040281 6.41565146 6.41524456]
