RMSEP,y_true,y_pred
0.8560266076982732,"[5.72999933 8.69897    6.51570016 7.32790214 8.10237291 5.13667714
 7.7235382  7.33998878 7.94302832 7.62785351 6.82390874 7.06550155
 5.537602   5.95860731 8.39794001 6.07572071 6.54328382 6.6716204
 4.45593196 5.71444269 8.11918641 7.64878473 7.48940535 5.95860731
 6.00877392 6.4828041  6.25181197 9.12493874 5.69897    5.45717457
 5.92081875 6.02687215 6.63827216 8.13667714 5.74472749 6.87614836
 4.7721133  6.09691001 6.74999497 7.26165663 5.92081875 7.25003192
 7.20065945 6.59345982]","[6.61828949 6.83962419 7.83695264 7.53789375 7.19639697 5.89056912
 5.55964959 6.37380247 7.23491799 7.47850772 5.89836975 7.83695264
 5.72755345 5.87265507 6.961131   6.82984633 6.87893949 7.23491799
 5.91997205 5.56363905 7.22366388 7.07258536 7.11422997 7.23247392
 6.26924946 7.22366388 6.75298934 8.08888238 5.77245621 5.89056912
 6.00560419 6.14259968 6.59269155 7.83695264 5.83101996 7.75260531
 6.72697345 5.84566893 6.43486117 6.7189559  6.28776694 6.54861609
 6.85776817 7.59860507]"
