RMSEP,y_true,y_pred
0.9209638187892469,"[5.72999933 8.69897    6.51570016 7.32790214 8.10237291 5.13667714
 7.7235382  7.33998878 7.94302832 7.62785351 6.82390874 7.06550155
 5.537602   5.95860731 8.39794001 6.07572071 6.54328382 6.6716204
 4.45593196 5.71444269 8.11918641 7.64878473 7.48940535 5.95860731
 6.00877392 6.4828041  6.25181197 9.12493874 5.69897    5.45717457
 5.92081875 6.02687215 6.63827216 8.13667714 5.74472749 6.87614836
 4.7721133  6.09691001 6.74999497 7.26165663 5.92081875 7.25003192
 7.20065945 6.59345982]","[6.00322865 6.54400092 8.04298205 7.29295235 7.25443584 5.6669957
 5.48771848 6.3745349  7.54734396 6.99011639 6.134146   8.04298205
 5.73654202 5.6922421  7.28865384 6.15657395 6.8256397  7.53976549
 6.04448624 7.19426003 7.29084977 6.61337364 7.01754485 6.5077223
 6.48660864 7.29084977 8.16309476 8.34148145 5.7785127  5.6669957
 6.12180678 6.1021914  6.22858369 7.44315681 5.96820254 7.51756467
 6.22142903 5.85068971 6.32343646 6.14536554 5.8683335  6.62194231
 6.32223659 7.61917429]"
