RMSEP,y_true,y_pred
1.1042934176044674,[8.02548831 9.52287875 8.03151705 ... 8.04575749 6.77728353 6.5214359 ],[7.89958219 9.12188043 6.88667797 ... 8.30611188 6.41541571 7.43007165]
