RMSEP,y_true,y_pred
0.8605376307974484,[8.02548831 9.52287875 8.03151705 ... 8.04575749 6.77728353 6.5214359 ],[8.02623647 9.48981395 6.57796423 ... 7.98691583 6.68846222 6.41650236]
