RMSEP,y_true,y_pred
1.0299752157816382,[8.02548831 9.52287875 8.03151705 ... 8.04575749 6.77728353 6.5214359 ],[7.79493628 7.79263763 6.95809871 ... 8.01806753 7.52872173 6.67737033]
