RMSEP,y_true,y_pred
0.9983538063768291,"[5.72999933 8.69897    6.51570016 7.32790214 8.10237291 5.13667714
 7.7235382  7.33998878 7.94302832 7.62785351 6.82390874 7.06550155
 5.537602   5.95860731 8.39794001 6.07572071 6.54328382 6.6716204
 4.45593196 5.71444269 8.11918641 7.64878473 7.48940535 5.95860731
 6.00877392 6.4828041  6.25181197 9.12493874 5.69897    5.45717457
 5.92081875 6.02687215 6.63827216 8.13667714 5.74472749 6.87614836
 4.7721133  6.09691001 6.74999497 7.26165663 5.92081875 7.25003192
 7.20065945 6.59345982]","[6.02464743 6.26792358 7.52525152 7.874371   7.50460143 6.57739096
 6.36497632 6.31939087 7.59051134 7.76998452 6.23878854 7.74223654
 5.70323715 5.93695712 6.15467247 5.74021106 7.72787059 7.56205355
 7.30977843 7.62146951 7.72808823 7.41127886 7.71970269 6.48110799
 5.92518582 7.61938281 5.92927833 8.00589643 5.84287388 6.31813232
 5.6990174  7.34423944 6.06890359 7.45458073 5.89982324 7.80194202
 5.89169545 5.86928601 6.81129452 6.3688054  6.12125164 6.57932322
 6.90860852 7.61143627]"
