RMSEP,y_true,y_pred
1.0134114021880698,"[5.72999933 8.69897    6.51570016 7.32790214 8.10237291 5.13667714
 7.7235382  7.33998878 7.94302832 7.62785351 6.82390874 7.06550155
 5.537602   5.95860731 8.39794001 6.07572071 6.54328382 6.6716204
 4.45593196 5.71444269 8.11918641 7.64878473 7.48940535 5.95860731
 6.00877392 6.4828041  6.25181197 9.12493874 5.69897    5.45717457
 5.92081875 6.02687215 6.63827216 8.13667714 5.74472749 6.87614836
 4.7721133  6.09691001 6.74999497 7.26165663 5.92081875 7.25003192
 7.20065945 6.59345982]","[6.5589755  6.47549309 7.00134904 6.93370371 6.57849377 6.25000863
 6.17830805 6.50918356 7.15739259 6.76454163 6.35774369 7.02753867
 5.92825749 6.10174504 6.19680811 6.3953326  6.18597572 6.37298362
 5.88052173 6.60017063 7.02855775 5.92419487 5.55645698 6.92041886
 6.22461694 7.1966236  6.51364935 7.02810184 6.00882373 6.10072954
 6.37357436 6.0417279  5.96268181 6.53114801 6.16290042 6.74972876
 6.4067811  5.90802977 6.30595223 6.64510308 6.21743934 5.97758005
 7.08132365 6.61508674]"
