RMSEP,y_true,y_pred
0.9319940055594882,"[5.72999933 8.69897    6.51570016 7.32790214 8.10237291 5.13667714
 7.7235382  7.33998878 7.94302832 7.62785351 6.82390874 7.06550155
 5.537602   5.95860731 8.39794001 6.07572071 6.54328382 6.6716204
 4.45593196 5.71444269 8.11918641 7.64878473 7.48940535 5.95860731
 6.00877392 6.4828041  6.25181197 9.12493874 5.69897    5.45717457
 5.92081875 6.02687215 6.63827216 8.13667714 5.74472749 6.87614836
 4.7721133  6.09691001 6.74999497 7.26165663 5.92081875 7.25003192
 7.20065945 6.59345982]","[6.4427405  6.23011034 7.37835765 7.92062934 5.83511311 5.54929334
 6.10958363 6.3178668  7.86597117 7.77857155 5.84853248 7.28652584
 6.10757385 6.20877579 5.94436331 5.73539357 7.78083798 7.9417356
 5.92830578 5.7186437  7.87856479 7.72733107 7.69090354 6.3312796
 5.75454102 7.73325514 5.99882572 8.00454828 5.87705384 5.40682097
 5.81994194 6.16985583 5.99615475 7.64446933 5.47099272 7.97926776
 5.84449194 5.66467272 6.65233052 6.81893425 6.06264131 6.52986743
 7.17269417 7.78124323]"
