RMSEP,y_true,y_pred
1.077419930869464,[8.02548831 9.52287875 8.03151705 ... 8.04575749 6.77728353 6.5214359 ],[7.76565686 7.64258392 7.09802282 ... 7.18506375 7.29696626 7.78464573]
