RMSEP,y_true,y_pred
0.9497123884703125,"[5.72999933 8.69897    6.51570016 7.32790214 8.10237291 5.13667714
 7.7235382  7.33998878 7.94302832 7.62785351 6.82390874 7.06550155
 5.537602   5.95860731 8.39794001 6.07572071 6.54328382 6.6716204
 4.45593196 5.71444269 8.11918641 7.64878473 7.48940535 5.95860731
 6.00877392 6.4828041  6.25181197 9.12493874 5.69897    5.45717457
 5.92081875 6.02687215 6.63827216 8.13667714 5.74472749 6.87614836
 4.7721133  6.09691001 6.74999497 7.26165663 5.92081875 7.25003192
 7.20065945 6.59345982]","[6.30648193 6.50676888 7.09079188 7.34089906 6.55032739 5.95776035
 6.01175903 6.39419742 7.74146545 7.19446112 5.9227992  7.57182797
 5.79507412 5.90904154 6.71190605 5.86141939 7.03450977 7.63992535
 6.42831283 6.97647824 7.6022553  6.96724952 7.13452586 6.52654005
 6.44266175 7.54667175 6.42480232 6.26796507 5.87663493 5.58922309
 5.94291284 6.30358077 7.06523649 7.48703378 6.04521258 7.02707566
 6.43937027 5.87583064 6.61576758 6.48125812 5.97129247 6.44382731
 6.75882175 7.33760826]"
