RMSEP,y_true,y_pred
1.126657960381808,[8.02548831 9.52287875 8.03151705 ... 8.04575749 6.77728353 6.5214359 ],[7.6932626  6.89110249 7.33960285 ... 6.90025492 7.46708538 7.37559477]
