RMSEP,y_true,y_pred
1.123678076601906,[8.02548831 9.52287875 8.03151705 ... 8.04575749 6.77728353 6.5214359 ],[7.40248015 6.91715611 7.34069732 ... 6.92839782 7.35632007 7.58147797]
