RMSEP,y_true,y_pred
0.6767813439372171,[8.02548831 9.52287875 8.03151705 ... 8.04575749 6.77728353 6.5214359 ],[8.23745863 8.47232526 7.84929547 ... 8.38519539 6.60038389 6.44571219]
