RMSEP,y_true,y_pred
0.9229848393898884,[8.02548831 9.52287875 8.03151705 ... 8.04575749 6.77728353 6.5214359 ],[7.97219734 7.99689815 6.95582443 ... 8.07629424 6.82012336 6.72386151]
