RMSEP,y_true,y_pred
1.042822850353497,"[5.72999933 8.69897    6.51570016 7.32790214 8.10237291 5.13667714
 7.7235382  7.33998878 7.94302832 7.62785351 6.82390874 7.06550155
 5.537602   5.95860731 8.39794001 6.07572071 6.54328382 6.6716204
 4.45593196 5.71444269 8.11918641 7.64878473 7.48940535 5.95860731
 6.00877392 6.4828041  6.25181197 9.12493874 5.69897    5.45717457
 5.92081875 6.02687215 6.63827216 8.13667714 5.74472749 6.87614836
 4.7721133  6.09691001 6.74999497 7.26165663 5.92081875 7.25003192
 7.20065945 6.59345982]","[6.07735937 6.2022343  6.52869036 6.60993835 6.61856767 6.60158755
 6.56747776 6.3457622  6.51688016 6.62230715 6.5837709  6.62408709
 5.88799159 6.40325485 6.6462178  6.65106566 6.61517058 6.62436418
 6.54483374 6.47281701 6.6979844  6.63622366 6.62570169 6.39670876
 6.57039265 6.603726   6.71247358 6.48026339 5.91614349 6.65227596
 6.51332434 6.20055634 6.59829975 6.62389561 6.60114515 6.44978577
 6.55572114 6.18352834 6.46937088 6.6074681  6.24247029 5.97864091
 6.61249767 6.59803622]"
