RMSEP,y_true,y_pred
1.1023731783199433,"[5.72999933 8.69897    6.51570016 7.32790214 8.10237291 5.13667714
 7.7235382  7.33998878 7.94302832 7.62785351 6.82390874 7.06550155
 5.537602   5.95860731 8.39794001 6.07572071 6.54328382 6.6716204
 4.45593196 5.71444269 8.11918641 7.64878473 7.48940535 5.95860731
 6.00877392 6.4828041  6.25181197 9.12493874 5.69897    5.45717457
 5.92081875 6.02687215 6.63827216 8.13667714 5.74472749 6.87614836
 4.7721133  6.09691001 6.74999497 7.26165663 5.92081875 7.25003192
 7.20065945 6.59345982]","[6.09929677 6.26030749 6.41007749 6.3234052  6.68065607 6.52125996
 6.65361374 6.08629346 6.2878126  6.49220129 6.44205958 6.41007099
 5.99795622 6.07856567 6.39778495 6.52092436 6.57829804 6.2879344
 6.6607349  6.68881017 6.37098676 6.38556739 6.4051821  6.29068832
 6.50296743 6.37098676 6.51796585 6.48913842 5.99796867 6.5212229
 6.45312483 6.05145312 6.43973835 6.41001516 6.49284366 6.36433644
 6.61398489 6.12058664 6.08254156 6.56730386 6.11886235 6.09509724
 6.59212341 6.28082471]"
