RMSEP,y_true,y_pred
0.9016510285111232,"[5.72999933 8.69897    6.51570016 7.32790214 8.10237291 5.13667714
 7.7235382  7.33998878 7.94302832 7.62785351 6.82390874 7.06550155
 5.537602   5.95860731 8.39794001 6.07572071 6.54328382 6.6716204
 4.45593196 5.71444269 8.11918641 7.64878473 7.48940535 5.95860731
 6.00877392 6.4828041  6.25181197 9.12493874 5.69897    5.45717457
 5.92081875 6.02687215 6.63827216 8.13667714 5.74472749 6.87614836
 4.7721133  6.09691001 6.74999497 7.26165663 5.92081875 7.25003192
 7.20065945 6.59345982]","[6.41523334 6.37959205 7.60279968 8.02884245 6.6886017  6.14813861
 6.3239841  6.33118075 7.66677867 7.73247517 5.95582011 7.56350049
 5.90568699 6.09569555 6.28754873 5.86117804 7.48889806 7.63261645
 6.32824546 6.31922773 7.77025753 7.57784292 7.50464083 6.29452646
 6.16321607 7.50317775 6.28986851 7.16478063 5.78061666 6.06233711
 5.99094367 6.16902712 6.27806319 7.65517025 5.95006586 7.71596889
 6.17224841 5.6522779  6.50727824 6.72685602 6.03880209 6.46634592
 7.21894808 7.60909481]"
