RMSEP,y_true,y_pred
1.1101941286547796,"[5.72999933 8.69897    6.51570016 7.32790214 8.10237291 5.13667714
 7.7235382  7.33998878 7.94302832 7.62785351 6.82390874 7.06550155
 5.537602   5.95860731 8.39794001 6.07572071 6.54328382 6.6716204
 4.45593196 5.71444269 8.11918641 7.64878473 7.48940535 5.95860731
 6.00877392 6.4828041  6.25181197 9.12493874 5.69897    5.45717457
 5.92081875 6.02687215 6.63827216 8.13667714 5.74472749 6.87614836
 4.7721133  6.09691001 6.74999497 7.26165663 5.92081875 7.25003192
 7.20065945 6.59345982]","[6.09262483 6.24382684 6.37881178 6.29774211 6.65752516 6.4752199
 6.58822852 6.08034723 6.26935749 6.43936645 6.39310408 6.37881178
 5.9854193  6.05835659 6.35812496 6.47868281 6.51651888 6.26935749
 6.60256022 6.67681366 6.34405083 6.34363881 6.34883298 6.26669397
 6.46261401 6.34405083 6.47728615 6.44805794 5.98584341 6.4752199
 6.41201911 6.03221752 6.38177275 6.37881178 6.45165943 6.33452975
 6.56885177 6.10056379 6.075012   6.52637797 6.09500597 6.09035752
 6.5496523  6.259651  ]"
